id,domain,status,purchase_price,renewal_price,attractiveness,demand,length,registrar,created_at,expires_at,status_verified_at
7ff649a1-14d4-4033-956a-548ddbf91439,allegheny.taxi,available,10.99,62.99,medium,low,9,namesilo,,,18/09/2026 10:28
fb537f24-903f-4917-a85c-f754793c652e,rectal.taxi,available,8.98,69.98,medium,low,6,namecheap,,,09/09/2026 11:51
19fc1b98-fd97-4eb7-947d-eb93ed952cda,bomb.taxi,available,10.99,,high,low,4,name.com,,,
de0f9ab6-38b3-4367-8535-6a8455f11b8a,commentate.taxi,available,10.99,,high,low,10,name.com,,,
16327abb-08ad-4818-8f34-94184824d5f1,profiled.taxi,available,10.99,62.99,medium,low,8,namesilo,,,21/09/2026 10:04
4f221088-4c42-4981-8d52-0ba13c355cbc,passive.taxi,available,10.99,,high,low,7,name.com,,,
582e7afb-300d-432e-bb5d-bda48cdb4123,matthews.taxi,available,8.98,69.98,high,low,8,namecheap,,,25/09/2026 19:36
125f68f8-418f-4a87-b100-135afc96cd92,widgeon.taxi,available,10.99,62.99,medium,low,7,namesilo,,,19/09/2026 02:58
45fa00a3-e5a4-4a75-a068-a1f03ada3ae2,pentatonic.taxi,available,8.98,69.98,medium,low,10,namecheap,,,08/09/2026 15:05
cc120020-467e-4124-b3d1-bac9fc87807b,collecting.taxi,available,10.99,62.99,high,low,10,namesilo,,,20/09/2026 16:02
668812b3-a666-4ed2-8666-7b782a446120,nas.taxi,available,10.99,62.99,high,medium,3,namesilo,,,25/09/2026 13:48
4f66474d-77e4-4fed-b85e-5cdd6e34303b,dollarfish.taxi,available,8.98,69.98,medium,low,10,namecheap,,,20/09/2026 21:42
af97fe4e-bd04-4ba7-8446-c389a5ddc686,tawdry.taxi,available,8.98,69.98,medium,low,6,namecheap,,,12/08/2026 03:29
c0e7e6f2-aed5-4516-8f83-d5afe452d0af,recall.taxi,available,10.99,62.99,high,low,6,namesilo,,,24/09/2026 11:46
69ba5461-1912-43aa-9348-1dd9d67fd4c6,engineering.taxi,available,10.99,62.99,high,low,11,namesilo,,,25/09/2026 15:11
30f22b22-23ec-4aa2-9fcb-ec2b000b654d,endogenous.taxi,available,8.98,69.98,medium,low,10,namecheap,,,17/08/2026 01:15
d0aea096-b392-4866-a749-a5b40f65b9d2,banked.taxi,available,10.99,,medium,low,6,name.com,,,
3bcc539c-976a-4c67-b1d9-abd204428692,murdered.taxi,available,8.98,69.98,medium,low,8,namecheap,,,03/09/2026 11:02
e28bd7ca-47c8-40b1-8569-a1ac83a7fdd1,bai.taxi,available,8.98,69.98,high,low,3,namecheap,,,21/09/2026 18:49
63440637-c6f0-4e7b-af75-75d2fe91e2b5,belorussia.taxi,available,8.98,69.98,medium,low,10,namecheap,,,23/09/2026 04:27
26bfe605-d113-47b2-8cb4-1200b0475e69,aimless.taxi,available,8.98,69.98,medium,low,7,namecheap,,,
97b33ad2-38da-46fa-a2ef-5bbba6471ea1,dripping.taxi,available,8.98,69.98,high,low,8,namecheap,,,14/09/2026 14:32
4ab6b543-64ff-4fd7-aed8-588b659469dc,jingling.taxi,available,8.98,69.98,high,low,8,namecheap,,,08/09/2026 03:33
bc17b118-4eab-4416-961a-eccf07eb5580,passports.taxi,available,10.99,62.99,high,low,9,namesilo,,,20/09/2026 09:52
27b93170-2718-4393-89eb-b6dfc68f5867,rated.taxi,available,10.99,,high,low,5,name.com,,,
884dbfc9-3ebd-427f-8ec2-91c18c5e6c06,nodding.taxi,available,8.98,69.98,high,low,7,namecheap,,,12/08/2026 00:48
a1b41c2f-d831-4911-a69f-a3762f7dd0a8,nominated.taxi,available,8.98,69.98,high,low,9,namecheap,,,03/09/2026 18:18
21358bad-6a93-4d75-92ac-d4ae0d15917f,warning.taxi,available,8.98,69.98,high,low,7,namecheap,,,13/09/2026 08:25
7c6f8666-27f2-4779-85e8-a81c0a5ca752,classified.taxi,available,10.99,62.99,high,low,10,namesilo,,,19/09/2026 14:44
d5a63784-2b21-403c-9e06-372f2cef246d,shore.taxi,available,10.99,62.99,high,low,5,namesilo,,,26/09/2026 00:07
b428b557-7ab7-4657-aedf-c8e1fae9c605,dainty.taxi,available,10.99,84.99,high,low,6,name.com,,,13/08/2026 15:40
beb7f82a-f620-4631-8ecd-1ba2f9378667,goosebumps.taxi,available,10.99,62.99,medium,low,10,namesilo,,,19/09/2026 00:04
84514b44-4da9-4d02-9bc2-ad9e1abdb95e,shallow.taxi,available,10.99,,medium,low,7,name.com,,,
1b6960d4-aecd-4c9a-b931-439aa885da46,magnificent.taxi,available,10.99,62.99,high,low,11,namesilo,,,25/09/2026 11:17
555c1e0f-637c-4e15-ac53-3efeb75cb58a,dastardly.taxi,available,10.99,84.99,medium,low,9,name.com,,,13/08/2026 18:31
8812e672-39fa-4c7e-bb2a-558e8085dab8,formulaic.taxi,available,8.98,69.98,medium,low,9,namecheap,,,18/08/2026 12:18
51fc08be-f431-4594-bd93-e1afcb822a61,see.taxi,available,10.99,62.99,high,medium,3,namesilo,,,24/09/2026 16:46
2ad5e757-0ef5-4f88-8ac5-1ea2b8686523,tbsp.taxi,available,10.99,62.99,medium,low,4,namesilo,,,18/09/2026 08:20
6b677ee1-91f2-44b1-91f0-a82283670ff9,barbwire.taxi,available,10.99,62.99,medium,low,8,namesilo,,,22/09/2026 04:47
3a7ecc66-3037-44c5-83bf-c6c19e59aeb2,emollient.taxi,available,8.98,69.98,medium,low,9,namecheap,,,14/08/2026 01:39
27a482ee-68df-463f-a911-64337e7586a5,polled.taxi,available,10.99,62.99,high,low,6,namesilo,,,20/09/2026 17:21
9b8befba-eebb-4cba-9d67-96ef70e30bdb,newest.taxi,available,10.99,62.99,high,low,6,namesilo,,,18/09/2026 15:57
ef89dca3-2a3f-4cef-ab5f-6b202452b3e1,coincident.taxi,available,8.98,69.98,medium,low,10,namecheap,,,12/08/2026 13:18
24708611-47b8-4e66-905a-12ec62246e56,threesome.taxi,available,8.98,69.98,high,low,9,namecheap,,,
1402f91d-75cd-4070-8809-88f2a3c5749c,danceable.taxi,available,10.99,84.99,high,low,9,name.com,,,13/08/2026 16:59
a367901d-e972-40b0-a361-bd1cccf6346b,repellent.taxi,available,8.98,69.98,medium,low,9,namecheap,,,14/08/2026 10:39
44ac2262-21c4-44d6-994f-e1783120ba07,bazaar.taxi,available,8.98,69.98,high,low,6,namecheap,,,22/09/2026 18:20
e049572b-170d-4f2d-90c2-07b26e6c7879,mitigated.taxi,available,8.98,69.98,medium,low,9,namecheap,,,25/08/2026 02:06
20208ea8-9942-4d12-bccf-550282f25f31,deadening.taxi,available,8.98,69.98,medium,low,9,namecheap,,,10/08/2026 19:57
b7a8e7a6-68eb-4fbe-b8e7-b9935c6e6fbe,hind.taxi,available,8.98,69.98,medium,low,4,namecheap,,,21/08/2026 09:26
b8ed5bd5-150c-4ac0-aa20-b3349fcec3e1,arhus.taxi,available,10.99,62.99,high,low,5,namesilo,,,16/09/2026 13:26
ff1d0be4-6848-4e70-8cd6-275b4bd4438d,canadian.taxi,available,10.99,62.99,high,low,8,namesilo,,,23/09/2026 12:40
5d7d5c05-bd0d-41dc-930c-b024c4826f8c,provoking.taxi,available,8.98,69.98,high,low,9,namecheap,,,
817d4016-cbef-4aaa-a982-7c9f6df8cb49,rebecca.taxi,available,10.99,62.99,high,low,7,namesilo,,,25/09/2026 10:16
0e936d0a-cec0-4460-9490-6e673555523c,goodish.taxi,available,8.98,69.98,medium,low,7,namecheap,,,20/08/2026 16:34
0244b280-f454-4325-85fa-19230b7e08fe,repeatedly.taxi,available,8.98,69.98,medium,low,10,namecheap,,,15/09/2026 23:12
b478f5b5-1b7c-4a77-bfe1-33ded018378e,amoeboid.taxi,available,8.98,69.98,medium,low,8,namecheap,,,
5c6a7bb6-7800-4684-ae9e-6aea69b222d4,episodic.taxi,available,8.98,69.98,high,low,8,namecheap,,,17/08/2026 11:11
3f3800c1-91ab-4d5e-8ea7-166753afbb32,separate.taxi,available,10.99,62.99,high,low,8,namesilo,,,24/09/2026 11:16
48931501-0e4c-4913-9471-9606a40005c7,latter.taxi,available,10.99,62.99,high,low,6,namesilo,,,25/09/2026 13:08
4d949861-b2fa-4fcd-8485-6f7a3c202345,innovative.taxi,available,8.98,69.98,high,low,10,namecheap,,,18/08/2026 13:03
4347b675-8fda-4426-9e08-777bdc015607,arizona.taxi,available,10.99,62.99,high,low,7,namesilo,,,20/09/2026 06:05
17f546e5-ba30-4939-8474-ad2f29cbd7bb,weismann.taxi,available,10.99,62.99,medium,low,8,namesilo,,,21/09/2026 03:48
eceb7e73-2bfb-49b8-aff0-8a308a3ab0d7,lab.taxi,available,10.99,62.99,high,medium,3,namesilo,,,25/09/2026 05:34
916f0103-9eb5-4a8d-84b3-d5d2ea26594f,portholes.taxi,available,10.99,62.99,low,low,9,namesilo,,,19/09/2026 21:54
9c547e86-447d-4cb4-82be-703323df3e29,ampersand.taxi,available,10.99,62.99,high,low,9,namesilo,,,18/09/2026 23:09
3f0895ce-467d-4623-b00f-f1ef1cc5e330,sexual.taxi,available,10.99,,high,low,6,name.com,,,
07a74c50-32b4-469f-a830-9340735d9bf5,airburst.taxi,available,8.98,69.98,medium,low,8,namecheap,,,17/09/2026 23:00
504be9e0-5c56-4e7e-8608-328e2964dccf,panty.taxi,available,8.98,69.98,high,low,5,namecheap,,,09/09/2026 22:42
021faf7f-29b4-4259-b495-fc5abfe57b54,thursday.taxi,available,10.99,,high,low,8,name.com,,,
5b892e4a-d6f4-43fc-a3c5-04b6fffb9d1c,boxers.taxi,available,10.99,,high,low,6,name.com,,,
45ebdc5b-67ca-4687-b4f0-d6013e1dc015,ionised.taxi,available,8.98,69.98,medium,low,7,namecheap,,,22/08/2026 09:33
2f10d398-80ae-455b-963b-36f41815fd96,certainty.taxi,available,10.99,62.99,high,low,9,namesilo,,,24/09/2026 13:39
7fee5c65-71a5-4203-b6e4-e0036b36dfab,impersonal.taxi,available,8.98,69.98,medium,low,10,namecheap,,,21/08/2026 22:13
0db48c90-ec8c-4135-94e4-a1db3b9eb674,unnoted.taxi,available,8.98,69.98,medium,low,7,namecheap,,,04/09/2026 21:08
48a62f89-d80f-44b2-a226-7a7d017c023f,cairo.taxi,premium,118.8,118.8,high,low,5,namesilo,,,
c5a1c629-4f15-4ae3-a3d1-40cd5918d52c,instyle.taxi,available,10.99,62.99,high,low,8,namesilo,,,17/09/2026 05:05
a3157822-af8a-4f5c-b2c7-240e081358b1,updated.taxi,available,10.99,62.99,medium,low,7,namesilo,,,18/09/2026 06:09
42321fec-03ab-43ff-812f-dbf28b416bf1,adidas.taxi,available,10.99,,high,low,6,name.com,,,
55c57040-c0e6-4b7b-b1ff-35a0096618fb,authorship.taxi,available,8.98,69.98,high,low,10,namecheap,,,21/09/2026 05:26
7fe92b3b-a06c-42f0-882a-f5dd641069a5,replies.taxi,available,10.99,84.99,medium,low,7,name.com,,,18/09/2026 09:15
4d0f9587-1e35-4101-87ed-403345273770,greenville.taxi,available,10.99,62.99,high,low,10,namesilo,,,25/09/2026 06:42
486b3347-7d54-47cd-949d-79259ce4ff35,unveiled.taxi,available,8.98,69.98,high,low,8,namecheap,,,12/09/2026 22:05
1aef0d97-6bc9-45eb-a624-99de639993a4,fans.taxi,available,10.99,84.99,medium,low,4,name.com,,,25/09/2026 21:32
20562a70-fefd-4949-897c-328c66ac00c8,expand.taxi,available,10.99,62.99,high,low,6,namesilo,,,24/09/2026 13:38
551ff2b5-5bb9-4457-bf0a-f29c56616bc5,batty.taxi,available,8.98,69.98,medium,low,5,namecheap,,,06/08/2026 20:35
cac7cb44-6bdb-494b-85ac-1bd78363fa78,footballs.taxi,available,10.99,62.99,medium,low,9,namesilo,,,20/09/2026 06:56
20da29cf-2f29-4133-b6b6-c68c0713cfb3,convexly.taxi,available,8.98,69.98,medium,low,8,namecheap,,,14/09/2026 08:39
78f8b576-030a-47d1-a350-9bcf38981eb1,malar.taxi,available,8.98,69.98,medium,low,5,namecheap,,,13/09/2026 15:43
a600d36c-32b7-49f3-8a22-a85330438302,ananias.taxi,available,10.99,62.99,medium,low,7,namesilo,,,19/09/2026 02:03
2860dcd9-d9ad-489f-a5c4-1b8f1cda1a64,pigs.taxi,available,10.99,62.99,high,low,4,namesilo,,,25/09/2026 15:51
5c986674-cd5f-4f3f-87a4-49ffc5d9e98c,scholar.taxi,available,10.99,84.99,high,low,7,name.com,,,20/09/2026 16:28
8927c3fd-20b1-4588-977c-2a5e98142fb8,azote.taxi,available,10.99,62.99,medium,low,5,namesilo,,,21/09/2026 11:27
a1e51d5e-4b36-42e4-a43d-dd33a8e845bd,azide.taxi,available,8.98,69.98,high,low,5,namecheap,,,21/09/2026 11:12
a1447ba6-5170-435d-8b00-7e7664c7ce2a,transfer.taxi,resell,,,high,low,8,"NameCheap, Inc.",10/11/2025 12:45,10/11/2026 12:45,26/09/2026 09:44
be54e9f7-53bc-401d-a149-28b8fe6d94ef,adar.taxi,available,10.99,62.99,medium,low,4,namesilo,,,17/09/2026 06:32
dc6e0ce5-0129-41c3-a558-34dbbe2a4d46,barcarolle.taxi,available,10.99,62.99,medium,low,10,namesilo,,,22/09/2026 05:06
e469031d-0779-43ad-99d6-f18e4c1ac265,munificent.taxi,available,8.98,69.98,high,low,10,namecheap,,,22/08/2026 21:09
c514f6da-ca62-4ed4-911c-947bf9369aa1,ramose.taxi,available,8.98,69.98,medium,low,6,namecheap,,,11/08/2026 02:14
471e3e9f-5655-4523-88c7-298623867bbb,threw.taxi,available,10.99,62.99,medium,low,5,namesilo,,,27/09/2026 02:18
36263b6e-0377-46a9-97ab-2f13ed7c926e,creation.taxi,available,10.99,62.99,high,low,8,namesilo,,,25/09/2026 03:23
1efc3473-6424-43ee-b3e6-56a0e5315c1e,ivry.taxi,available,8.98,69.98,medium,low,4,namecheap,,,22/09/2026 15:16
f14ee713-5c99-48ad-953d-08d19a76b4f0,effluent.taxi,available,8.98,69.98,medium,low,8,namecheap,,,15/08/2026 14:47
a7da39d0-aa90-4824-a1d3-4efaad3cac7b,alluvion.taxi,available,10.99,84.99,medium,low,8,name.com,,,18/09/2026 12:21
b0ec0221-6469-4cd4-bbbe-1513735f6adf,sisterly.taxi,available,8.98,69.98,high,low,8,namecheap,,,10/09/2026 08:52
f0bbd997-38b8-4382-a3dc-75ee04f0c1ac,joel.taxi,available,10.99,62.99,high,low,4,namesilo,,,24/09/2026 06:55
5770f738-7ff8-42df-8ee2-b102dbe96a39,shaping.taxi,available,8.98,69.98,high,low,7,namecheap,,,10/09/2026 05:59
7f561be2-aaf4-4a22-abe9-79fbfb97656c,laurie.taxi,available,10.99,62.99,high,low,6,namesilo,,,25/09/2026 17:15
51a22388-3c8b-4bbf-a087-0b8a12441b89,engulf.taxi,available,8.98,69.98,medium,low,6,namecheap,,,10/09/2026 19:51
273dd4e8-3063-4ddf-b314-7dd5fee36ea7,aerobic.taxi,available,8.98,69.98,high,low,7,namecheap,,,21/09/2026 21:01
e2e54ce7-acec-47ef-b535-61e4cae70498,foliate.taxi,available,8.98,69.98,high,low,7,namecheap,,,18/08/2026 10:15
ec9412a5-5b47-4748-be9f-55657f9c36ee,statue.taxi,available,10.99,62.99,high,low,6,namesilo,,,26/09/2026 00:24
c19812f1-d759-4970-b489-09f05aa2248c,irony.taxi,available,8.98,69.98,high,low,5,namecheap,,,24/09/2026 13:17
7041d6b7-728f-4f38-8f60-b2e4e631216b,pastoral.taxi,available,8.98,69.98,high,low,8,namecheap,,,06/08/2026 14:20
1e6358bd-91af-4cfc-80eb-555a0c26cb2f,besides.taxi,available,10.99,,high,low,7,name.com,,,
4de45311-21ac-4976-a74f-99a8fd19f4ff,burlesque.taxi,available,8.98,69.98,high,low,9,namecheap,,,11/08/2026 10:40
2e79bd0d-e347-4416-a5e6-33393eb5c55a,stat.taxi,available,10.99,,high,low,4,name.com,,,
482c753e-dd3a-47f6-a3de-08419e41b74f,italic.taxi,available,8.98,69.98,high,low,6,namecheap,,,22/08/2026 11:37
ef7813ec-12a1-47c1-a7ec-cd0b42b27bac,highlighting.taxi,available,10.99,,high,low,12,name.com,,,
c2dadbb0-4f19-4e9e-bcfe-161ea29a65b2,submarine.taxi,available,8.98,69.98,high,low,9,namecheap,,,11/09/2026 00:16
b2730e76-49fb-4381-b1ae-f42e1d7604bf,flexuous.taxi,available,8.98,69.98,medium,low,8,namecheap,,,18/08/2026 08:08
b4daa2a7-3b2a-482f-a52e-b714db78d6c0,markets.taxi,available,10.99,62.99,high,low,7,namesilo,,,23/09/2026 06:42
ad9fed5c-aace-4593-85f4-349fea398767,struggling.taxi,available,8.98,69.98,medium,low,10,namecheap,,,10/09/2026 22:52
00edc308-6bd5-4b20-a4e2-c97f1939779a,cantabile.taxi,available,8.98,69.98,medium,low,9,namecheap,,,11/08/2026 17:38
951a6eeb-63df-459f-8fc9-f00829eeb0a8,indorse.taxi,available,8.98,69.98,medium,low,7,namecheap,,,08/08/2026 05:17
8bd3fb84-b9b0-4a42-b85b-ba5be583bc4d,iraqi.taxi,available,8.98,69.98,high,low,5,namecheap,,,22/08/2026 09:35
0ce556d9-cf7b-4b15-b32b-84345e8730b4,systemic.taxi,available,8.98,69.98,high,low,8,namecheap,,,11/09/2026 06:46
87cd0e1b-03ea-46a5-894d-22960c78e460,casket.taxi,available,10.99,,high,low,6,name.com,,,
c5e8c3ad-2d12-42b4-8d53-b3e87cae489a,parkin.taxi,available,10.99,62.99,medium,low,7,namesilo,,,17/09/2026 01:13
9fcde310-c87a-4465-99c1-f408e31d60ac,lilac.taxi,available,8.98,69.98,high,low,5,namecheap,,,22/08/2026 21:04
57b7ee5b-f6ee-4939-a43d-4cef4a99c58a,humbled.taxi,available,8.98,69.98,high,low,7,namecheap,,,21/08/2026 15:00
418d496f-93b2-4cff-b192-ad6028a14324,liked.taxi,available,10.99,62.99,high,low,5,namesilo,,,25/09/2026 13:43
ada9907a-969a-4c5c-b62e-74fb4925efa2,divergent.taxi,available,8.98,69.98,high,low,9,namecheap,,,14/08/2026 13:35
5aae1104-cd9d-4cc9-a9f5-c264cda19496,panther.taxi,available,10.99,,high,low,7,name.com,,,
d0ae1836-03c7-4b13-84e8-8aee48c5ec94,constancy.taxi,available,8.98,69.98,high,low,9,namecheap,,,24/09/2026 17:32
d8bd3907-6e35-47c9-9fc2-20935e409ae1,shagged.taxi,available,8.98,69.98,medium,low,7,namecheap,,,10/09/2026 05:30
5df21f91-7ce0-406e-85a9-33e581ac1b03,trafalgar.taxi,available,10.99,62.99,high,low,9,namesilo,,,22/09/2026 16:10
0606bb17-2b42-49ec-b694-98321880ab18,albinism.taxi,available,10.99,62.99,medium,low,8,namesilo,,,18/09/2026 02:54
901d3e94-4ec3-4ab9-b005-9c98deeaa20d,specter.taxi,available,8.98,69.98,high,low,7,namecheap,,,08/09/2026 18:41
716ad0b1-9c1d-4e37-b488-32164305271a,effectively.taxi,available,10.99,,high,low,11,name.com,,,
00a322c5-49a3-41da-8315-64bfa15f3fa2,amok.taxi,available,8.98,69.98,high,low,4,namecheap,,,
0939fa06-39f2-4659-b781-cdc1ad9ee621,palace.taxi,available,10.99,,high,low,6,name.com,,,
a592b30e-d492-4275-bc73-7907a95bb21f,abandoned.taxi,available,8.98,69.98,high,low,9,namecheap,,,21/09/2026 13:36
37a382ff-0860-4cae-a94e-d63a43000a61,sybarite.taxi,available,8.98,69.98,medium,low,8,namecheap,,,13/09/2026 07:15
69b7a1ba-1468-49db-99c2-f1d53df469ff,erose.taxi,available,8.98,69.98,medium,low,5,namecheap,,,17/08/2026 12:30
e40a0551-368b-484f-a8d0-621ad6ad3bf7,when.taxi,available,10.99,,high,low,4,name.com,,,
15bd1e9a-f70c-4a73-9b7e-6b0cbdc214f0,grumble.taxi,available,8.98,69.98,high,low,7,namecheap,,,20/08/2026 20:38
3a2208c2-9842-4c8c-b985-8a335d10a3e1,cuddle.taxi,available,8.98,69.98,high,low,6,namecheap,,,24/09/2026 20:09
c0036741-b658-4237-8b35-d442284f552b,people.taxi,available,10.99,,high,medium,6,name.com,,,
7e56d505-6bcb-41da-a5b5-f4557978cd1f,nike.taxi,available,,,high,high,4,,,,
3638dae5-53cd-4a73-ab28-276bedf82e85,shortest.taxi,available,8.98,69.98,medium,low,8,namecheap,,,17/09/2026 14:24
c08b828f-6b22-451b-9582-de9bd1ed8d05,alkanet.taxi,available,10.99,62.99,medium,low,7,namesilo,,,18/09/2026 08:26
82e58014-5f96-44ee-8dc7-c2124fe01f6b,quadruple.taxi,available,8.98,69.98,high,low,9,namecheap,,,18/08/2026 13:24
d05a7603-c5a4-4c63-9371-0fc2e29516d8,wants.taxi,available,8.98,69.98,medium,low,5,namecheap,,,25/09/2026 17:58
09369c5a-3bc7-4fe7-928a-cd16d854204a,cresson.taxi,available,8.98,69.98,medium,low,7,namecheap,,,13/08/2026 06:16
aea73a3c-9ca5-440d-b6ab-257b97fad281,overjoyed.taxi,available,8.98,69.98,high,low,9,namecheap,,,04/09/2026 20:49
482ff94e-2959-4b49-ad88-b808e866f3ba,adroitly.taxi,available,8.98,69.98,medium,low,8,namecheap,,,13/09/2026 17:25
0ab470bb-2c49-446e-9229-ac95cb1a45f5,ameboid.taxi,available,8.98,69.98,medium,low,7,namecheap,,,
620983f4-4d83-4937-a7d1-0c84593ae45e,superlunar.taxi,available,8.98,69.98,medium,low,10,namecheap,,,11/09/2026 02:21
e7e660c9-0562-44d0-a151-17dc5b531a50,localised.taxi,available,8.98,69.98,medium,low,9,namecheap,,,24/08/2026 08:47
32507a11-ecb3-4b40-a0da-841dca7faee2,righted.taxi,available,10.99,62.99,medium,low,7,namesilo,,,20/09/2026 15:58
a7529ba3-0894-4c74-99d9-453a3edf7914,soundable.taxi,available,8.98,69.98,medium,low,9,namecheap,,,17/08/2026 23:44
ec54ab31-8201-46a5-af49-4775e5e547ae,ascender.taxi,available,10.99,62.99,high,low,8,namesilo,,,20/09/2026 13:07
8787b148-20e9-4af5-9b96-c5b29b1861ec,gossip.taxi,available,10.99,62.99,high,low,6,namesilo,,,24/09/2026 13:15
b2674bca-2e11-4e35-a3a3-c328134992c2,contested.taxi,available,10.99,62.99,high,low,9,namesilo,,,23/09/2026 22:01
acc4a77a-793d-4cfa-a04b-176b09cecbe1,asteroid.taxi,available,10.99,62.99,high,low,8,namesilo,,,22/09/2026 10:17
638f58f5-4181-4859-971f-0b32ed0570dd,fitzgerald.taxi,available,10.99,62.99,high,low,10,namesilo,,,25/09/2026 05:15
cbd04c52-b2c6-43d7-9524-2b3b7244c25c,biplane.taxi,available,8.98,69.98,high,low,7,namecheap,,,23/09/2026 19:18
f9e3306c-6bf4-43e2-97d2-bf15b823a58d,antipasto.taxi,available,10.99,62.99,high,low,9,namesilo,,,19/09/2026 14:52
c07e6699-f15d-4bb8-8ca8-3bc05e10f2f7,rudiment.taxi,available,10.99,62.99,medium,low,8,namesilo,,,16/09/2026 14:36
16123ab4-1a54-41e4-b8a0-37f4fa63c8e5,billet.taxi,available,10.99,62.99,high,low,6,namesilo,,,23/09/2026 10:14
44b81b69-eb26-47d1-b078-20fdf02a7a6f,summary.taxi,available,10.99,62.99,high,low,7,namesilo,,,23/09/2026 17:08
daa35aa4-6d33-4f2e-a85a-40aaf3eb323e,orbit.taxi,resell,,,high,medium,5,Dynadot Inc,13/03/2026 01:46,13/03/2027 01:46,26/09/2026 07:56
fca03fec-b23d-46a6-8224-f9a9ccc8af3d,supernal.taxi,available,8.98,69.98,medium,low,8,namecheap,,,11/09/2026 02:23
02466eb4-fddd-4525-84a8-022199aee694,oxidised.taxi,available,8.98,69.98,medium,low,8,namecheap,,,04/09/2026 22:28
8ecd301f-367b-4d4d-a1ac-63eeaa74bb45,hypothetic.taxi,available,8.98,69.98,medium,low,10,namecheap,,,12/08/2026 22:01
0137f6f8-043e-4909-a46d-4d3e4f3d21b2,workouts.taxi,available,10.99,62.99,medium,low,8,namesilo,,,19/09/2026 22:42
7b671c99-4063-48dd-a1bd-d358ccc0d900,augur.taxi,available,10.99,62.99,high,low,5,namesilo,,,21/09/2026 03:21
7ccb41d4-68b1-46c3-9976-0b3ff996a6ee,yielding.taxi,available,8.98,69.98,high,low,8,namecheap,,,13/09/2026 14:36
9f66813b-b935-450e-b7ff-cb05d09a006e,abatis.taxi,available,10.99,62.99,medium,low,6,namesilo,,,16/09/2026 14:12
da5bbd2a-f28d-499c-bf4c-4c7d0c45d80b,afro.taxi,available,8.98,69.98,high,low,4,namecheap,,,17/09/2026 15:30
d0e14b64-d0cb-4b73-9767-b69c46f6b74a,neoclassic.taxi,available,8.98,69.98,medium,low,10,namecheap,,,03/09/2026 15:21
3a7c9c84-4f68-442e-babd-9199ea008f10,trees.taxi,available,10.99,,high,low,5,name.com,,,
061f1006-60b7-438b-acdb-2994ab5096b4,deftness.taxi,available,10.99,62.99,high,low,8,namesilo,,,17/09/2026 07:43
99b86a9b-d39c-4c1e-ae95-24df43d34c5c,bishkek.taxi,available,10.99,62.99,high,low,7,namesilo,,,23/09/2026 21:43
446ab7b4-6ac6-4269-b502-f392ae7fb10f,scalable.taxi,available,8.98,69.98,high,low,8,namecheap,,,09/09/2026 22:15
c668f118-2118-4a1e-af60-a51e39826865,repel.taxi,available,10.99,,high,low,5,name.com,,,
43faf965-7d7e-4dd4-a7fc-f807c96955e0,bihar.taxi,available,10.99,62.99,high,low,5,namesilo,,,23/09/2026 15:31
156f5f2d-8266-47d1-98a8-c4b24e5fc980,modernized.taxi,available,8.98,69.98,high,low,10,namecheap,,,19/09/2026 17:17
a782b67a-2edc-481c-a818-92fe8584ff1b,kampala.taxi,available,10.99,62.99,high,low,7,namesilo,,,24/09/2026 12:28
607af0ad-869b-4e39-99d9-1538d5133294,claimant.taxi,available,10.99,62.99,high,low,8,namesilo,,,24/09/2026 15:11
3ddb685d-ef1e-46d2-b684-4f5ee2f04358,rubber.taxi,available,10.99,,high,low,6,name.com,,,
bef55975-dd0c-402c-88e9-c17f1947d44f,goldberg.taxi,available,10.99,62.99,high,low,8,namesilo,,,25/09/2026 06:35
81acbfbc-98f1-4162-848a-10f127df179b,himself.taxi,available,10.99,,medium,low,7,name.com,,,
24726e7b-3a4c-447c-8afd-115f641475e2,aery.taxi,available,8.98,69.98,high,low,4,namecheap,,,
bebf4b5f-52fe-448d-a645-b14bd2090775,hour.taxi,available,10.99,,high,low,4,name.com,,,
f669f679-5178-4d53-b4f4-4b470070efd0,simplicity.taxi,available,10.99,,high,low,10,name.com,,,
d3c7d80b-a785-41d9-ab43-b16b905e8a6a,precast.taxi,available,8.98,69.98,high,low,7,namecheap,,,16/09/2026 01:12
d544276a-3501-4932-91b5-224c637bf2a7,prow.taxi,available,8.98,69.98,medium,low,4,namecheap,,,18/08/2026 11:28
5df19c48-5c99-490c-8e53-25e827cf21dc,hysteric.taxi,available,8.98,69.98,medium,low,8,namecheap,,,21/08/2026 17:20
1d8e93c3-5a4b-46c4-9b39-2d1e8a4303ec,penitent.taxi,available,8.98,69.98,medium,low,8,namecheap,,,08/09/2026 14:30
2dc75d39-183d-48c3-a526-d41126e5aa7c,teens.taxi,available,10.99,,high,low,5,name.com,,,
5671c54e-a916-4b36-b9cf-85595ede79d4,andradite.taxi,available,10.99,62.99,medium,low,9,namesilo,,,19/09/2026 04:09
afcd50c0-12b3-4478-a00d-ad8720e0a0b8,standby.taxi,available,8.98,69.98,high,low,8,namecheap,,,10/09/2026 18:37
bd90ec31-e133-46fd-8d02-dcf8b77785be,periodical.taxi,available,8.98,69.98,high,low,10,namecheap,,,08/09/2026 17:13
0327665c-3dcb-4365-a329-63e9bce34d46,wisdoms.taxi,available,10.99,62.99,medium,low,7,namesilo,,,21/09/2026 10:19
2f50168c-1f07-4627-a2c2-8e6963df091a,bartholin.taxi,available,10.99,62.99,medium,low,9,namesilo,,,22/09/2026 09:14
ec6cb2b0-47db-413e-becb-e8df8ec12c18,chip.taxi,available,10.99,62.99,high,low,4,namesilo,,,24/09/2026 01:56
ac024ed3-4dad-480d-9cfb-40a40307d552,canonized.taxi,available,8.98,69.98,medium,low,9,namecheap,,,11/08/2026 17:25
c4cf7f55-4f77-4d5d-bb3e-9dc08fc31af6,utile.taxi,available,8.98,69.98,medium,low,5,namecheap,,,13/09/2026 00:01
ea0a7657-16c2-42ee-ace2-f11d4c77ce30,impish.taxi,available,8.98,69.98,medium,low,6,namecheap,,,21/08/2026 22:23
5fe47b69-cf11-4231-9263-2112d17fdc39,gamin.taxi,available,8.98,69.98,medium,low,5,namecheap,,,11/09/2026 14:56
5fa33697-fc4b-4417-890a-bc2b817c7728,reliably.taxi,available,8.98,69.98,high,low,8,namecheap,,,14/09/2026 11:46
a25f99ac-edbb-4216-96b1-661119fa5435,adrian.taxi,available,10.99,62.99,high,low,6,namesilo,,,17/09/2026 09:59
f61bdcb2-f297-4f11-8efd-4f8644a1c9ed,perforation.taxi,available,10.99,,high,low,11,name.com,,,
274e01f5-52c9-4834-a54b-5fa1a5a3f3c3,obstructed.taxi,available,8.98,69.98,medium,low,10,namecheap,,,04/09/2026 00:05
632facff-1585-4bcb-88f4-d96e1fa6e35c,rep.taxi,available,10.99,,high,low,3,name.com,,,
b1dbb834-df9a-48eb-a817-5a5b9772d973,commander.taxi,available,10.99,62.99,high,low,9,namesilo,,,17/09/2026 22:14
a119b27e-969a-4b1b-9fc7-c7c0f10e9094,inapt.taxi,available,8.98,69.98,medium,low,5,namecheap,,,21/08/2026 18:51
1ce215f6-b7bd-484f-bdd4-9b9f89fb01bd,believed.taxi,available,10.99,62.99,medium,low,8,namesilo,,,17/09/2026 00:11
72e60ccc-6b64-4117-9569-564fe7bfe9dd,curable.taxi,available,8.98,69.98,high,low,7,namecheap,,,13/08/2026 10:59
400d25b9-fae1-4d67-a0d9-5cf7ec9d647d,recognition.taxi,available,10.99,,high,low,11,name.com,,,
bf2f6c69-127b-4f62-a7c1-0b65f496df2b,maven.taxi,available,8.98,69.98,high,low,5,namecheap,,,
1cdee283-0549-4b1f-bcde-ac109c372711,collapses.taxi,available,10.99,62.99,low,low,9,namesilo,,,20/09/2026 09:36
7df14b1e-8dbc-4285-bf5d-58040ec11410,javanese.taxi,available,8.98,69.98,high,low,8,namecheap,,,22/08/2026 12:28
eb9a7c10-a211-46a4-8dbf-840325893d99,armored.taxi,available,8.98,69.98,high,low,7,namecheap,,,22/09/2026 08:00
028d72a4-987b-4f73-8c5d-eca15617bd96,operated.taxi,available,10.99,,high,low,8,name.com,,,
312c14e2-e349-424c-b111-fbf85f569a8a,hipped.taxi,available,8.98,69.98,medium,low,6,namecheap,,,21/08/2026 09:41
f1c5f8fe-3ac5-4706-ad29-fc42701e0933,tottering.taxi,available,8.98,69.98,medium,low,9,namecheap,,,11/09/2026 18:14
ead9a3d4-7f6f-43e7-ae24-ff76b3c38b17,mauritian.taxi,available,8.98,69.98,high,low,9,namecheap,,,24/08/2026 17:35
dd3f9626-441d-405f-ae12-63ab12124afd,fumed.taxi,available,8.98,69.98,medium,low,5,namecheap,,,18/08/2026 18:20
7d95727c-2420-4b2e-a449-1c550db16b97,operator.taxi,available,10.99,62.99,high,low,8,namesilo,,,25/09/2026 23:32
1533db76-39b3-490a-b3a5-9d9c76fdad57,publication.taxi,available,10.99,,high,low,11,name.com,,,
e3ea0dcc-71b5-41c1-9436-0224f918733f,acclivity.taxi,available,10.99,62.99,medium,low,9,namesilo,,,16/09/2026 22:40
46dd5e3b-17a0-4faa-a6bf-232b0f72f454,lion.taxi,available,10.99,,high,low,4,name.com,,,
3db2a8a1-1561-4982-adee-b09406b4e4a4,claim.taxi,available,10.99,,high,low,5,name.com,,,
b538fa6d-d425-459b-9e42-db9bddd6dbfd,rectangle.taxi,available,10.99,,high,low,9,name.com,,,
5b97bda7-b051-4d26-a938-6b034081b3e3,intensify.taxi,available,8.98,69.98,high,low,9,namecheap,,,12/08/2026 19:29
9bdd9a71-06da-4da4-9ab1-cda1c75d71ef,skepticism.taxi,available,10.99,62.99,high,low,10,namesilo,,,24/09/2026 22:29
350ed1ef-3bec-41e9-8409-28f7d7d64fe7,bilingual.taxi,available,8.98,69.98,high,low,9,namecheap,,,09/08/2026 21:21
fd7e0c1c-ccce-4a10-aa16-6683a9fccc41,view.taxi,available,10.99,,high,low,4,name.com,,,
39f6c469-34c1-4d37-b516-d31de9ddfe3b,specially.taxi,available,10.99,,medium,low,9,name.com,,,
ac09670e-73a0-4dbf-b388-5c5c49d21caa,altruism.taxi,available,10.99,,high,low,8,name.com,,,
12e6d41f-358e-4bc8-9026-2e11af510b13,desecrated.taxi,available,8.98,69.98,medium,low,10,namecheap,,,14/08/2026 03:18
124b6cef-411f-458c-8650-28e3651de3d7,vestibular.taxi,available,8.98,69.98,medium,low,10,namecheap,,,13/09/2026 04:52
fe928c31-6626-4fe8-9908-9be126bdb36c,artistic.taxi,available,10.99,62.99,high,low,8,namesilo,,,22/09/2026 09:09
0b797e1e-0248-4a58-a360-5c7277e19937,aerator.taxi,available,10.99,62.99,medium,low,7,namesilo,,,17/09/2026 12:47
563bcf24-aa7a-4ed7-a0cc-e5effb21db5a,lithic.taxi,available,8.98,69.98,medium,low,6,namecheap,,,24/08/2026 07:28
0fce808b-089f-45ef-a4c6-360b795b9921,bringing.taxi,available,10.99,,high,low,8,name.com,,,
176b571c-ecc5-4f48-9889-3ca662e8c5c2,yale.taxi,available,10.99,62.99,high,low,4,namesilo,,,25/09/2026 05:27
f1a77e2c-4b19-4e24-ba25-c54d90a09201,autarchy.taxi,available,8.98,69.98,medium,low,8,namecheap,,,21/09/2026 05:05
c9aa42cb-8402-412d-97f0-4958548ab56d,asexually.taxi,available,8.98,69.98,medium,low,9,namecheap,,,13/09/2026 22:03
c612e524-9d70-4f7a-a0c9-acc8249f41af,trusted.taxi,available,8.98,69.98,high,low,7,namecheap,,,11/09/2026 20:44
b00b2407-e983-46a5-aa3c-b624f4bc2b23,health.taxi,resell,,,high,medium,6,"Sav.com, LLC - 36",26/12/2025 15:15,26/12/2026 15:15,26/09/2026 06:36
38b6a5ff-b008-4753-b5dd-3f436ecaaefe,scout.taxi,available,10.99,62.99,high,medium,5,namesilo,,,25/09/2026 09:06
8adb6383-e563-48d4-978c-ade9b0eae69f,rupicolous.taxi,available,8.98,69.98,medium,low,10,namecheap,,,09/09/2026 19:41
f64d3fe7-89d0-4f92-b6d8-307acda334b2,hurt.taxi,available,10.99,62.99,high,low,4,namesilo,,,25/09/2026 06:49
ec93906d-1cab-40d4-8937-05217a2ddfcd,theban.taxi,available,8.98,69.98,high,low,6,namecheap,,,11/09/2026 12:35
fa097917-5a4a-4c14-a946-77bf237488cf,saler.taxi,available,10.99,,medium,low,5,name.com,,,
fe4d1d5e-b620-4029-bd6c-0d489d62e283,bullheaded.taxi,available,8.98,69.98,medium,low,10,namecheap,,,11/08/2026 08:30
b873648d-23e1-4c55-b0a9-02edce29032f,inhibited.taxi,available,8.98,69.98,medium,low,9,namecheap,,,22/08/2026 05:07
e06c4bc6-bd2c-439b-8e3d-ce0d18dbe852,barbecues.taxi,available,8.98,69.98,medium,low,9,namecheap,,,21/09/2026 08:34
e5000be9-639b-4fb7-888e-0632ee5c2691,cactus.taxi,available,10.99,62.99,high,low,6,namesilo,,,24/09/2026 11:36
1608ad03-234a-492b-85af-e164ef467917,plosive.taxi,available,8.98,69.98,medium,low,7,namecheap,,,04/09/2026 00:16
5e091781-6e6a-419d-98c2-a1ca4d2735ea,creditably.taxi,available,8.98,69.98,medium,low,10,namecheap,,,14/09/2026 09:30
6637b079-4abb-489d-97d2-4302a89755f2,productive.taxi,available,8.98,69.98,high,low,10,namecheap,,,18/08/2026 21:26
5b8a7e29-5553-4cd0-83dc-cc1d04928463,scour.taxi,available,8.98,69.98,high,low,5,namecheap,,,10/09/2026 00:23
295eddc8-2721-4c4e-a132-d3f507e1edf3,moonlit.taxi,available,8.98,69.98,high,low,7,namecheap,,,25/08/2026 05:56
12917019-533b-49cc-8fd6-2bc16e58d994,plugged.taxi,available,8.98,69.98,high,low,7,namecheap,,,08/09/2026 21:30
1bc3b9ee-4e92-40ac-b2d3-5c55604fc1b1,airy.taxi,available,8.98,69.98,high,low,4,namecheap,,,
49db21d8-55d8-43d2-a2b3-be1700f568f6,auditive.taxi,available,8.98,69.98,medium,low,8,namecheap,,,07/08/2026 16:49
1857a9fb-54d2-4b46-a411-1e6a70534440,aigrette.taxi,available,8.98,69.98,medium,low,8,namecheap,,,17/09/2026 20:55
00905369-e7d9-4d37-9c13-13dea0e91795,noxious.taxi,available,8.98,69.98,medium,low,7,namecheap,,,03/09/2026 22:21
d7f3a6de-5b77-4825-9fd2-7ff8d0d57a54,hanoverian.taxi,available,8.98,69.98,medium,low,10,namecheap,,,20/08/2026 23:44
707b23ac-7dcf-481a-b956-89d84c6ae7d3,tactically.taxi,available,10.99,62.99,medium,low,10,namesilo,,,16/09/2026 07:46
0cb066cf-e3e2-4892-a409-d92c80d7c481,germfree.taxi,available,8.98,69.98,medium,low,8,namecheap,,,18/08/2026 22:48
741e7bbd-2ff2-4b20-b017-b26b70c0f0aa,arcadia.taxi,available,10.99,62.99,high,medium,7,namesilo,,,20/09/2026 01:36
654166f9-9408-4d3e-b1ce-4f284057ca6d,higher.taxi,available,10.99,,high,low,6,name.com,,,
cc429688-8f2e-4ecc-98b1-f79f3341bc9a,amain.taxi,available,8.98,69.98,high,low,5,namecheap,,,13/09/2026 19:25
8c6c1ff5-4681-4aba-aa12-c4226c41ae2b,centrist.taxi,available,8.98,69.98,high,low,8,namecheap,,,12/08/2026 00:14
5a309146-f079-4fa4-b966-9786ea95af33,fool.taxi,available,8.98,69.98,medium,low,4,namecheap,,,12/08/2026 15:15
71b664ed-bdfc-41fb-9de3-eed35bce057b,scarey.taxi,available,8.98,69.98,medium,low,6,namecheap,,,12/08/2026 05:21
70365c7d-a80a-41b1-b515-c278ddad8bad,knot.taxi,available,10.99,,high,low,4,name.com,,,
3e0d1b6a-60f1-46b0-ab93-6874b9a56f1e,rely.taxi,available,10.99,,high,low,4,name.com,,,
137e2bd1-8026-46ee-b8c9-362346329b50,bursal.taxi,available,8.98,69.98,medium,low,6,namecheap,,,11/08/2026 11:04
7cd1af23-5305-4076-ae7d-1fc5edb0cc4e,enliven.taxi,available,10.99,62.99,high,low,7,namesilo,,,22/09/2026 04:56
321e966c-519c-47d7-8902-d7a0458da882,cagy.taxi,available,8.98,69.98,medium,low,4,namecheap,,,11/08/2026 13:21
924d4814-f3b6-4f4b-ae86-6f0c8754142a,selection.taxi,available,8.98,69.98,high,low,9,namecheap,,,12/08/2026 06:37
df421e8a-8503-494f-a157-a6c33c3a596b,lighter.taxi,available,8.98,69.98,high,low,7,namecheap,,,22/09/2026 05:44
bcd6692f-267a-492b-8393-1ee0fa6426cf,cleaver.taxi,available,10.99,,medium,low,7,name.com,,,
28ef944a-97d2-44e2-a7a2-b6d0e4701bb7,hustle.taxi,available,10.99,62.99,high,low,6,namesilo,,,17/09/2026 09:12
2ce1afd5-97ee-4aed-a105-31ac9f52b8c5,swarthy.taxi,available,8.98,69.98,medium,low,7,namecheap,,,11/09/2026 05:25
974da8e9-ae3a-4da8-aede-56b96218d1d2,brassiere.taxi,available,10.99,62.99,high,low,9,namesilo,,,22/09/2026 01:02
36fda8cf-9566-435e-85a5-44c43964c6a5,atheist.taxi,available,10.99,62.99,medium,low,7,namesilo,,,22/09/2026 10:58
a595afe7-93e6-44e2-9606-90fa251cf657,flaring.taxi,available,8.98,69.98,high,low,7,namecheap,,,
9e914e38-8b71-475f-a476-2412477773d5,violated.taxi,available,10.99,,medium,low,8,name.com,,,
ec538945-0fad-4dba-b6e4-da2d4e1e44d8,annulet.taxi,available,8.98,69.98,medium,low,7,namecheap,,,19/09/2026 10:59
4ec590f3-6663-4258-9e17-66339c06f3d9,caller.taxi,available,8.98,69.98,high,low,6,namecheap,,,11/08/2026 14:28
ab63781c-3d78-4271-bccc-ff9b684c7cd6,dearie.taxi,available,10.99,84.99,high,low,6,name.com,,,13/08/2026 18:19
bc91685f-fd01-43db-a059-ef1f3ce2ab0e,artefact.taxi,available,10.99,62.99,high,low,8,namesilo,,,20/09/2026 10:07
45758c7f-e171-4b9a-9e0d-59b83d1f65dc,agouti.taxi,available,8.98,69.98,medium,low,6,namecheap,,,17/09/2026 19:07
6ec5bad5-8120-4f65-93e2-082fc4b1df62,substrates.taxi,available,8.98,69.98,medium,low,10,namecheap,,,25/09/2026 21:45
da7a5c75-c924-4b0e-8ece-fef87e2c98e7,laboratory.taxi,available,10.99,62.99,high,low,10,namesilo,,,24/09/2026 03:29
a18fe3e8-ccfc-4992-8a16-9ea54b0fb79d,downscale.taxi,available,8.98,69.98,medium,low,9,namecheap,,,14/08/2026 17:52
d6130664-b565-4411-aaf6-9bd7c83e7ce7,dataflow.taxi,available,8.98,69.98,high,low,9,namecheap,,,04/09/2026 04:48
16277435-18f2-41a4-b644-bc33a5077ece,commerce.taxi,available,10.99,62.99,high,low,8,namesilo,,,25/09/2026 22:32
d4094253-cd78-456a-9d5a-c6a3c60dccf1,uncomfortably.taxi,available,10.99,,low,low,13,name.com,,,
61114ef8-a9c1-443a-9e44-5e6a8dedf0a4,tenderly.taxi,available,10.99,62.99,high,low,8,namesilo,,,16/09/2026 08:17
da02b968-9b33-42b3-81ee-1deb1238c446,hardworking.taxi,available,10.99,,high,low,11,name.com,,,
a1bafe07-79ab-4e58-a9ce-8a24b90bc644,assured.taxi,available,8.98,69.98,high,low,7,namecheap,,,07/08/2026 08:21
34e8052f-6499-4b84-860c-052a2dd6ed3e,skint.taxi,available,8.98,69.98,medium,low,5,namecheap,,,11/08/2026 05:21
53db1e44-e30d-41bc-b4cb-b7ec0b670ddb,leek.taxi,available,10.99,62.99,medium,low,4,namesilo,,,18/09/2026 11:25
75dfc370-99e0-4a26-8e1d-abec53983949,quantal.taxi,available,8.98,69.98,medium,low,7,namecheap,,,09/09/2026 07:28
91fac828-2b42-41b4-97c1-af32d2d16333,stricken.taxi,available,8.98,69.98,high,low,8,namecheap,,,
c26821e0-4b66-4cf9-b3ac-3f8c991117e8,discursive.taxi,available,8.98,69.98,medium,low,10,namecheap,,,14/08/2026 06:00
bdf11bbf-d067-45e2-bec4-738da68f46e8,hua.taxi,available,10.99,62.99,high,low,3,namesilo,,,18/09/2026 01:18
153dd800-9099-414e-9a3f-bdeb2c65db23,horrible.taxi,available,8.98,69.98,high,low,8,namecheap,,,18/08/2026 15:44
592501ef-609b-412c-a5c7-785581f6e997,lxi.taxi,available,8.98,69.98,medium,low,3,namecheap,,,
87cde8ab-8f3b-4837-a41f-31dfd1ceecfb,kind.taxi,available,10.99,62.99,high,low,4,namesilo,,,25/09/2026 12:40
b6df1788-32e0-4c6a-a929-073ef01301e0,implausible.taxi,available,10.99,,medium,low,11,name.com,,,
3fa037be-6291-4648-afa1-5e4883c30c5b,oliver.taxi,available,10.99,62.99,high,low,6,namesilo,,,25/09/2026 08:05
c5ac5f6c-79c2-4219-9fda-5ccf05584a1e,dogging.taxi,available,8.98,69.98,medium,low,7,namecheap,,,14/08/2026 15:03
2fa5582a-17d7-498a-9484-37f8a146b394,sailed.taxi,available,10.99,62.99,high,low,6,namesilo,,,17/09/2026 07:33
4772e2b9-8131-4bb8-93e6-ea232d1b8f09,newsstand.taxi,available,8.98,69.98,medium,low,10,namecheap,,,17/09/2026 05:46
1d455f74-18f1-4726-aa05-834dc75de15e,forester.taxi,available,10.99,62.99,medium,low,8,namesilo,,,20/09/2026 00:50
56d79efd-ce2c-4927-ab22-467cde3a6bda,quality.taxi,available,8.98,69.98,high,low,7,namecheap,,,23/09/2026 14:21
8e9e778e-c03c-4474-8018-7d600d9c4a85,rusty.taxi,available,8.98,69.98,high,low,5,namecheap,,,04/09/2026 18:46
5cdee6f6-e534-49ca-99f5-dbb1d09f0611,bemidji.taxi,available,10.99,62.99,high,low,7,namesilo,,,23/09/2026 07:16
443fdb65-7b1d-4935-a8c9-2ea882d88dc9,estimable.taxi,available,8.98,69.98,high,low,9,namecheap,,,12/08/2026 19:44
9b365903-4c28-43e5-8ed4-6141bea829e1,theyre.taxi,available,10.99,,medium,low,6,name.com,,,
a99c6723-0a9a-4fcc-a433-d179753192eb,chipper.taxi,available,8.98,69.98,high,low,7,namecheap,,,12/08/2026 05:56
a3eaad3c-76e7-41f0-895b-fda0b8ae8b61,basileus.taxi,available,10.99,84.99,medium,low,8,name.com,,,22/09/2026 10:47
c2f7a465-f656-4a70-a754-116fe199f2d8,bonkers.taxi,available,8.98,69.98,medium,low,7,namecheap,,,06/08/2026 20:40
0474cfab-2b74-473b-90ce-bfdbfd36df95,wander.taxi,available,10.99,,high,low,6,name.com,,,
e2f82575-a175-4e0a-b76d-57b8bcfcda3b,bogus.taxi,available,8.98,69.98,medium,low,5,namecheap,,,08/08/2026 22:58
6afc2a00-24d4-40da-8bf0-2c27b94d62e6,mystified.taxi,available,8.98,69.98,medium,low,9,namecheap,,,24/08/2026 21:32
58a1e0d6-e0f5-4c3a-93c0-d3db4cb2015b,ginsberg.taxi,available,10.99,62.99,high,low,8,namesilo,,,18/09/2026 10:49
5924e2b6-114c-4ee9-b0ae-2e92861ad743,benchmark.taxi,available,8.98,69.98,high,low,9,namecheap,,,23/09/2026 07:38
41c01cc4-8872-45e3-9859-69dab0cda8b4,carambola.taxi,available,10.99,62.99,medium,low,9,namesilo,,,21/09/2026 09:14
09106267-a0dc-40ee-afc0-7a387b11a96d,inexplicit.taxi,available,8.98,69.98,medium,low,10,namecheap,,,21/08/2026 22:39
85fcabe3-9210-4271-8c00-a1210037036b,skulls.taxi,available,10.99,62.99,medium,low,6,namesilo,,,20/09/2026 10:31
c090eb1f-f276-48de-aa8c-283ed76b92a6,ameer.taxi,available,8.98,69.98,medium,low,5,namecheap,,,18/09/2026 18:04
2c1cb7b8-280b-4a5a-85b4-9f46bf1fb81b,overhang.taxi,available,8.98,69.98,medium,low,8,namecheap,,,09/08/2026 08:28
f8a24078-a2ec-4498-be49-2ca2ef49ba86,exclaimed.taxi,available,10.99,62.99,medium,low,9,namesilo,,,18/09/2026 01:31
8fc740d6-0263-4add-a262-cc7759e3048e,rained.taxi,available,8.98,69.98,medium,low,6,namecheap,,,20/09/2026 05:42
451d5e23-4e1e-400a-800d-722f8b5d3d30,hidden.taxi,available,8.98,69.98,high,low,6,namecheap,,,23/09/2026 18:38
39ce0e58-e416-4c80-827e-b98bf3e33dcd,chorus.taxi,available,10.99,,high,low,6,name.com,,,
5d994998-6ebe-488b-a005-94311e74d31d,learn.taxi,available,10.99,,high,medium,5,name.com,,,
388e7368-f7ac-4cbb-9ac8-821ed5c4913c,offprint.taxi,available,8.98,69.98,high,low,8,namecheap,,,10/09/2026 03:57
40ae153b-fdd6-419e-8d6f-b42908636997,statewide.taxi,available,8.98,69.98,high,low,9,namecheap,,,10/09/2026 19:10
2e33564b-d123-4579-96c5-7aeb4f2f2622,soled.taxi,available,8.98,69.98,medium,low,5,namecheap,,,10/09/2026 13:35
4a765929-b30f-4d21-818e-3efa280ad503,kosher.taxi,available,8.98,69.98,high,low,6,namecheap,,,13/08/2026 02:45
b18f2f80-c4cb-4764-aa9b-73ba90b2b8d1,profound.taxi,available,10.99,,high,low,8,name.com,,,
8bd7ae37-57d3-4bff-a388-9309d7ac24b9,swell.taxi,available,8.98,69.98,high,low,5,namecheap,,,08/08/2026 12:50
e3a6c316-4119-42c8-ae64-a0bc6f0d452f,acceptable.taxi,available,10.99,62.99,high,low,10,namesilo,,,21/09/2026 15:23
8b5c53c6-3476-4dcd-b8e9-dac3c6f7f30b,predilection.taxi,available,10.99,,high,low,12,name.com,,,
19feb9a1-8bbe-45e4-a105-ec8ec7f3f4ae,algin.taxi,available,10.99,62.99,medium,low,5,namesilo,,,18/09/2026 07:04
9a9c6fa1-240d-4ab6-9585-655702e324ea,failed.taxi,available,10.99,,medium,low,6,name.com,,,
f3a10ff5-189f-4fdc-b525-b948667f1dc7,streamed.taxi,available,10.99,62.99,high,low,8,namesilo,,,20/09/2026 17:18
80dd53f7-78e0-4010-aa37-71d070416c97,latitude.taxi,available,10.99,,high,low,8,name.com,,,
f20505ee-7342-4752-abe9-13398ec43481,dream.taxi,resell,,,high,medium,5,"Sav.com, LLC - 21",04/05/2026 15:15,04/05/2027 15:15,26/09/2026 05:41
ec39470b-d99c-4bf8-934e-d51f3d125d14,boozy.taxi,available,8.98,69.98,low,low,5,namecheap,,,09/08/2026 19:00
5cea047b-70d2-400e-9554-ea2bb6ef57ca,emma.taxi,available,10.99,62.99,high,medium,4,namesilo,,,25/09/2026 12:33
40f407b1-f815-465f-be25-b36743d69657,bookworm.taxi,available,8.98,69.98,high,low,8,namecheap,,,09/09/2026 23:16
931bf20c-4354-4fa3-a4b8-eca42cb713e8,lists.taxi,available,8.98,69.98,medium,low,5,namecheap,,,17/09/2026 08:32
5a498c7d-13eb-415c-844f-f0fc760c16a0,convoluted.taxi,available,8.98,69.98,medium,low,10,namecheap,,,12/08/2026 23:59
26a8c170-7051-445c-b47d-a25d56b8c794,nosey.taxi,available,8.98,69.98,medium,low,5,namecheap,,,03/09/2026 21:50
c28d0735-f81b-4ec8-85b3-e7492d63e275,thermal.taxi,available,10.99,62.99,high,low,7,namesilo,,,23/09/2026 12:37
d2b4430e-2ece-4415-97ab-040b5d3b8495,poker.taxi,available,10.99,,high,medium,5,name.com,,,
c015e957-1e75-416f-926a-0b4b2070c1bd,tunic.taxi,available,10.99,62.99,high,low,5,namesilo,,,17/09/2026 10:34
c2537453-fad9-4a7a-b8b0-10f15fdd33a6,breasts.taxi,available,10.99,,medium,low,7,name.com,,,
1d1848f6-12a6-4b09-ac20-206c07813b1e,layman.taxi,available,8.98,69.98,medium,low,6,namecheap,,,10/09/2026 01:24
0f2f66d4-f716-4444-b8a4-71b4b4a9fc5a,gelatinous.taxi,available,8.98,69.98,medium,low,10,namecheap,,,18/08/2026 21:01
60239301-a89a-4f96-b3de-d13c7e1d3bd3,depressing.taxi,available,8.98,69.98,medium,low,10,namecheap,,,12/08/2026 03:50
f596cc92-a829-453c-8c00-4c44cb18b4e1,workings.taxi,available,10.99,,high,low,8,name.com,,,
36ba6e69-f840-4b5d-b1b5-1d2f9984f8a2,primordial.taxi,available,8.98,69.98,high,low,10,namecheap,,,09/09/2026 02:06
060d2a8a-1f8a-4ca2-9c5f-5428a86e9710,ionian.taxi,available,8.98,69.98,high,low,6,namecheap,,,22/08/2026 09:28
a6a0a48d-a468-4575-83f6-604014ed9138,scene.taxi,available,8.98,69.98,high,low,5,namecheap,,,24/09/2026 18:53
828767f2-9cb7-4fc7-aaa0-d9fe42499c74,slacking.taxi,available,10.99,,medium,low,8,name.com,,,
24ba42ac-1184-4d46-b439-12874c00f721,interfaith.taxi,available,8.98,69.98,high,low,10,namecheap,,,22/08/2026 08:02
38c65657-546c-495e-b97a-f9387d750e62,lukewarm.taxi,available,8.98,69.98,medium,low,8,namecheap,,,20/08/2026 22:43
c54403d8-510a-4a9a-8c5a-088cfc9f0ea9,underdone.taxi,available,8.98,69.98,medium,low,9,namecheap,,,12/09/2026 07:24
5e1c8740-787b-4be9-a6d2-e09d81a27ddb,cosmogenic.taxi,available,8.98,69.98,medium,low,10,namecheap,,,13/08/2026 03:00
e927cf5a-ed00-4af5-b07f-0a8e9a7ef211,exulting.taxi,available,8.98,69.98,high,low,8,namecheap,,,17/08/2026 19:44
d8b4853a-ae26-4e74-9557-9bcb083c028a,provoke.taxi,available,10.99,,high,low,7,name.com,,,
fe109877-0ff3-494a-86db-ff158dd8f12c,ceo.taxi,available,10.99,62.99,high,low,3,namesilo,,,24/09/2026 13:36
7b2cc9dc-cf7a-42ec-9aac-b9e926cde2f6,intercultural.taxi,available,10.99,,high,low,13,name.com,,,
02bfce0a-09da-43f5-a283-30f9c5ce3024,costless.taxi,available,8.98,69.98,high,low,8,namecheap,,,13/08/2026 03:12
d22061e9-eb1f-4dfd-92bc-3bb1e6ddfe80,praise.taxi,available,10.99,,high,low,6,name.com,,,
c4ea3372-c41e-4eab-83ed-bac5dd9107e7,shrewdness.taxi,available,8.98,69.98,high,low,10,namecheap,,,20/09/2026 18:18
491fa774-1667-4764-a264-d7a1e6555deb,steerable.taxi,available,8.98,69.98,high,low,9,namecheap,,,14/08/2026 09:00
03f96013-014a-40ad-acaa-c82cdbff739f,graphics.taxi,available,10.99,,high,low,8,name.com,,,
d3ee234e-0808-402a-8e55-78ed2b5272ab,humanity.taxi,available,10.99,,high,low,8,name.com,,,
3de4b828-2c62-43cf-ad98-a7e8f115fc31,rape.taxi,available,8.98,69.98,high,low,4,namecheap,,,24/09/2026 08:17
f8dc94cd-0c7f-4dd0-81cd-ef90ebd5591f,radiate.taxi,available,8.98,69.98,high,low,7,namecheap,,,09/09/2026 09:40
935bfa14-48c6-4207-9eab-38996b90279c,affection.taxi,available,10.99,62.99,high,low,9,namesilo,,,17/09/2026 14:16
add752c9-dff1-406d-8adf-e87a60f148fd,motile.taxi,available,8.98,69.98,high,low,6,namecheap,,,25/08/2026 07:18
05032a78-f5d7-4ef8-8ad5-2595c0fe39f7,petty.taxi,available,8.98,69.98,high,low,5,namecheap,,,24/09/2026 17:49
eacc6f42-8367-4c84-8df1-f9c3be49c338,ungrateful.taxi,available,8.98,69.98,medium,low,10,namecheap,,,11/09/2026 12:26
98c2e790-6a87-4d94-a20f-69317237c62e,retinal.taxi,available,8.98,69.98,high,low,7,namecheap,,,09/09/2026 15:37
a2d50a7d-066d-4ff1-a559-2d5929f5f058,piecemeal.taxi,available,8.98,69.98,high,low,9,namecheap,,,10/08/2026 07:07
eba9428f-c6ad-4d4c-9864-5a5228a14e49,darkish.taxi,available,10.99,84.99,medium,low,7,name.com,,,13/08/2026 18:14
8e710efd-09d6-4e30-ae18-1f7101eef8a7,salary.taxi,available,10.99,,high,low,6,name.com,,,
6ccfc165-c4ad-4174-94e2-3258891781ee,lewis.taxi,available,8.98,69.98,high,low,5,namecheap,,,25/09/2026 03:55
b35344d2-aea8-47d4-8677-1f86fd7fc944,axiom.taxi,available,10.99,,high,medium,5,name.com,,,
33ee4c11-b44e-443c-be45-339e3659259a,alcea.taxi,available,10.99,62.99,medium,low,5,namesilo,,,18/09/2026 03:52
c0b66ac1-d6ae-47e4-837e-5ba643b9b5ba,implanted.taxi,available,8.98,69.98,medium,low,9,namecheap,,,13/08/2026 22:47
d3785ead-af23-4ffe-82f9-de16a6d9018d,spaceward.taxi,available,10.99,62.99,medium,low,9,namesilo,,,16/09/2026 05:42
c4455968-5e59-4198-828d-6c4cb2a2d8b6,fixation.taxi,available,10.99,62.99,high,low,8,namesilo,,,20/09/2026 09:06
5ce3ed2c-da2e-4804-af21-0528eb15d783,peopled.taxi,available,8.98,69.98,medium,low,7,namecheap,,,08/09/2026 15:32
ee1e5c64-ae83-4ead-ae01-f722dad1b820,palmer.taxi,available,8.98,69.98,high,low,6,namecheap,,,20/09/2026 08:18
b80704c3-4dae-43b7-98d7-9f305bfb598f,any.taxi,resell,,,high,medium,3,"Sav.com, LLC - 28",22/06/2026 15:15,22/06/2027 15:15,26/09/2026 03:55
d26854c6-0889-4ac2-8642-d349d3ae2214,meshed.taxi,available,8.98,69.98,medium,low,6,namecheap,,,24/08/2026 20:57
4737a739-9531-4a7e-a716-41074dbd42d5,expectant.taxi,available,8.98,69.98,high,low,9,namecheap,,,22/09/2026 06:48
5a8b5f04-4fef-4f57-acd0-d14bbdb25cf5,similarly.taxi,available,10.99,,medium,low,9,name.com,,,
edea51dd-ed59-4035-b3ba-5d91c4fcad4b,doting.taxi,available,8.98,69.98,high,low,6,namecheap,,,14/08/2026 16:28
5bdeb481-f898-409f-8e16-d412bce66f26,homeless.taxi,available,8.98,69.98,high,low,8,namecheap,,,14/08/2026 12:07
3959065d-8e7f-4875-be1b-f462d0efc5d8,umpteenth.taxi,available,8.98,69.98,medium,low,9,namecheap,,,11/09/2026 23:09
29660dbe-05e0-4866-89b3-d8768c9b281b,doodlebug.taxi,available,8.98,69.98,medium,low,9,namecheap,,,19/09/2026 12:18
6147db10-0518-435e-a5b5-63df5414464a,isotropic.taxi,available,8.98,69.98,high,low,9,namecheap,,,22/08/2026 11:28
c3900d98-1837-40ee-8f05-6edbb2b5c291,guile.taxi,available,8.98,69.98,medium,low,5,namecheap,,,13/08/2026 10:41
84fb037f-f351-4aa5-8f0e-a44182f2dad3,songs.taxi,available,8.98,69.98,high,low,5,namecheap,,,25/09/2026 19:03
b4cae9ea-f368-43c1-8405-ebe33d2397cc,beak.taxi,available,8.98,69.98,high,low,4,namecheap,,,22/09/2026 19:41
ffb89027-0f1b-4517-8684-75a1b0bd5d24,flaccid.taxi,available,8.98,69.98,medium,low,7,namecheap,,,18/08/2026 06:07
98e3f7a6-ffa7-49f6-b2e4-d96a2d316917,dilatory.taxi,available,8.98,69.98,medium,low,8,namecheap,,,14/08/2026 07:31
255c1dd4-096b-406e-956b-aff7560f0b4c,cushy.taxi,available,8.98,69.98,high,low,5,namecheap,,,13/08/2026 11:58
b3be2ddb-aa8d-4501-b369-40f615209ec4,beetling.taxi,available,8.98,69.98,medium,low,8,namecheap,,,09/08/2026 08:22
3e8f616f-e6a6-4b7e-90a5-99740e208258,unleavened.taxi,available,8.98,69.98,medium,low,10,namecheap,,,12/09/2026 14:46
dc571d3b-2f62-4b21-b5f1-6d812f65b34e,montpelier.taxi,available,10.99,62.99,medium,low,10,namesilo,,,24/09/2026 12:33
4837d219-95b4-4328-9b6c-5b119478189e,lithe.taxi,available,8.98,69.98,high,low,5,namecheap,,,24/08/2026 00:26
60353d1e-3b2d-415d-9903-48beecc56af4,hiatus.taxi,available,8.98,69.98,high,low,6,namecheap,,,16/09/2026 14:09
1ee666dc-fca3-4789-9002-e775bd9b5b21,testicular.taxi,available,8.98,69.98,medium,low,10,namecheap,,,11/09/2026 12:06
f35f8a76-9ccb-40e7-ba37-ced1130aff1d,impulsive.taxi,available,8.98,69.98,high,low,9,namecheap,,,11/08/2026 01:34
1db7aa56-5fe7-43ca-a362-c1be8519ad99,squat.taxi,available,10.99,62.99,high,low,5,namesilo,,,25/09/2026 15:16
9b3d2023-316d-4a8e-9f05-20bbd7a30262,gallic.taxi,available,8.98,69.98,medium,low,6,namecheap,,,18/08/2026 15:02
ed92c87a-de48-41f1-8f45-caf2054c702f,darkling.taxi,available,10.99,84.99,medium,low,8,name.com,,,13/08/2026 18:16
08b03f2a-16cd-4d17-9644-ab54a15bc095,aerobiotic.taxi,available,8.98,69.98,medium,low,10,namecheap,,,
9bd9aecf-4520-409d-87d2-7192005db5ae,arcus.taxi,available,10.99,62.99,high,low,5,namesilo,,,20/09/2026 03:02
d4f46470-5eb9-46d0-94af-44a166975f98,brief.taxi,available,10.99,62.99,high,low,5,namesilo,,,21/09/2026 13:42
ebcc78a1-274e-4af9-8513-950bbfef9cb4,obdurate.taxi,available,8.98,69.98,medium,low,8,namecheap,,,13/08/2026 12:15
e56d51bd-abbd-4fa8-9b28-8d016f143339,virus.taxi,available,10.99,62.99,high,low,5,namesilo,,,24/09/2026 17:02
d2a5349f-cf1c-41a3-b3ab-f1507c6ffb27,ablation.taxi,available,10.99,62.99,medium,low,8,namesilo,,,16/09/2026 16:05
908f858a-3116-4e89-a320-b2e4f3ce5629,credibly.taxi,available,8.98,69.98,medium,low,8,namecheap,,,14/09/2026 09:26
e068e09c-5128-4853-8e4b-240810262bb8,queried.taxi,available,8.98,69.98,medium,low,7,namecheap,,,20/09/2026 15:21
e64a31d0-fdbf-40e6-997e-6b5ece4daef5,insidious.taxi,available,8.98,69.98,medium,low,9,namecheap,,,22/08/2026 07:05
efcf17e7-56ae-4a66-aecb-6792bf656741,stroller.taxi,available,10.99,62.99,high,low,8,namesilo,,,18/09/2026 17:04
7ed7a1d4-0cdb-467c-ad35-ed96b1eccd17,miscellany.taxi,available,8.98,69.98,high,low,10,namecheap,,,25/08/2026 08:20
e20a8ce0-429d-4671-8292-c55a53ed0fe7,soapy.taxi,available,8.98,69.98,medium,low,5,namecheap,,,11/08/2026 11:48
9f237fac-b72f-4094-bbc3-3708e20d6fb0,appanage.taxi,available,10.99,62.99,medium,low,8,namesilo,,,19/09/2026 16:11
1d4b106c-55d5-4791-8908-751af6daf738,bulk.taxi,available,10.99,,high,low,4,name.com,,,
c9185047-04fe-4b34-be46-af0458d60cfc,applicable.taxi,available,8.98,69.98,high,low,10,namecheap,,,06/08/2026 07:06
f99ec3da-b583-4ef4-b6c6-c4efc5e364bc,worked.taxi,available,10.99,,high,low,6,name.com,,,
624f70c0-f158-456f-a7eb-55ddc8821b49,finitely.taxi,available,8.98,69.98,medium,low,8,namecheap,,,14/09/2026 18:35
43322ff4-9086-4cba-8e56-87167eddf750,pettifog.taxi,available,10.99,62.99,medium,low,8,namesilo,,,23/09/2026 13:20
9c55aa20-5403-4e68-9953-74bdaf717a55,size.taxi,available,10.99,,high,low,4,name.com,,,
ed51bdd2-4dd7-47d8-9ba6-c94787d7cc0a,prowess.taxi,available,10.99,62.99,high,low,7,namesilo,,,20/09/2026 11:56
8733ec8e-84e7-4eaf-a6ef-6edb298339c0,pretender.taxi,available,8.98,69.98,high,low,9,namecheap,,,08/09/2026 19:12
36011458-531e-4306-a0e3-27fc715cf056,sideways.taxi,available,10.99,62.99,high,low,8,namesilo,,,24/09/2026 01:14
bb8ddb2d-c515-453d-a021-369903c57a1f,toward.taxi,available,10.99,,high,low,6,name.com,,,
9679a437-ddce-4712-a140-9ff382f5eb57,indelible.taxi,available,8.98,69.98,high,low,9,namecheap,,,22/08/2026 02:37
06a674fa-c826-4287-91a6-1e5acebcbcb0,paramount.taxi,available,8.98,69.98,high,low,9,namecheap,,,04/09/2026 21:41
cc593cc7-f8e6-4dbe-b30b-de3fe0f49e76,ministrant.taxi,available,8.98,69.98,medium,low,10,namecheap,,,24/08/2026 23:57
8d3da045-c528-4eb8-9aec-425952ff3d15,subscribe.taxi,available,10.99,,high,low,9,name.com,,,
6d0201ed-623e-424e-a92a-5d0d45165a49,era.taxi,available,10.99,,high,medium,3,name.com,,,
80418d5a-8af8-421f-85ed-c4b882a3d1d0,colored.taxi,available,8.98,69.98,high,low,7,namecheap,,,22/09/2026 20:23
3fd5d41e-f32e-4e8c-987d-6368202f0d21,depend.taxi,available,10.99,,high,low,6,name.com,,,
6a76ed65-ec2c-492b-a6a6-4776ec4185ff,studious.taxi,available,8.98,69.98,high,low,8,namecheap,,,10/08/2026 19:10
3b44d001-9e7b-4c3b-846a-d72ceeeffce2,combed.taxi,available,8.98,69.98,medium,low,6,namecheap,,,12/08/2026 18:33
2b77ebc1-180d-43ba-9788-5d018837c47f,asthma.taxi,available,8.98,69.98,high,low,6,namecheap,,,20/09/2026 17:24
972cb071-9e93-4677-9b8f-ff7a53428fcc,plain.taxi,available,10.99,62.99,high,low,5,namesilo,,,22/09/2026 07:19
6c123aec-742a-4d23-bebf-e71d0d815e03,mirish.taxi,available,10.99,62.99,medium,low,6,namesilo,,,16/09/2026 16:36
1a0a6e75-d7b6-415e-9d9b-11cfb7c1f6f7,germanic.taxi,available,8.98,69.98,high,low,8,namecheap,,,18/08/2026 22:46
9ff6c63c-68dc-4cee-8b37-fe308810fa05,scent.taxi,available,10.99,62.99,high,low,5,namesilo,,,20/09/2026 08:28
c27b0a8f-5a60-4a21-83d2-b4734b4d1f59,aureole.taxi,available,10.99,62.99,high,low,7,namesilo,,,21/09/2026 04:18
657b31bc-72bd-4654-ade4-e3330e3ac5de,boxing.taxi,available,10.99,,high,low,6,name.com,,,
11f724ac-a609-4f16-a209-916c09f8f244,pointy.taxi,available,10.99,,high,low,6,name.com,,,
ab429506-d356-400e-b50c-f80df9bc15da,lumpen.taxi,available,8.98,69.98,medium,low,6,namecheap,,,24/08/2026 11:14
bf78a4ed-c908-42d3-aa17-2c95357ee715,crease.taxi,available,8.98,69.98,high,low,6,namecheap,,,13/08/2026 07:14
b79d3c5a-444b-4147-b443-455e55220003,dicks.taxi,available,10.99,,medium,low,5,name.com,,,
823c5f79-858d-47e1-a6cc-3d36cfa750dd,decolour.taxi,available,10.99,62.99,medium,low,8,namesilo,,,24/09/2026 05:11
056d0a16-3c7f-4283-a2dd-b20a635f6d37,precise.taxi,available,10.99,,high,low,7,name.com,,,
405b1882-8400-4a8f-97b8-b3d2558256c0,bezant.taxi,available,8.98,69.98,medium,low,6,namecheap,,,23/09/2026 12:11
f3625d23-1574-4a15-b36b-1b5055ff14d7,goofy.taxi,available,8.98,69.98,high,low,5,namecheap,,,12/08/2026 14:50
d7f6f585-2606-47c5-9864-853f57490c05,backstroke.taxi,available,8.98,69.98,high,low,10,namecheap,,,21/09/2026 16:09
d82f8d43-8efa-4450-a222-e0c5cb540a9c,tatum.taxi,available,10.99,62.99,high,low,5,namesilo,,,20/09/2026 10:00
97ae2b8f-abe3-4d0f-8030-e1148e91ae10,amaterasu.taxi,available,10.99,62.99,medium,low,9,namesilo,,,18/09/2026 16:05
05601a59-f7aa-4c6f-a174-98706fb5439b,twentieth.taxi,available,10.99,62.99,high,low,9,namesilo,,,21/09/2026 12:27
23d6903c-2cfa-4f01-9b7d-2269890e78df,characters.taxi,available,10.99,,medium,low,10,name.com,,,
b8524bb5-d917-4d0e-a6e8-5e7a2a3d5ad0,boer.taxi,available,8.98,69.98,high,low,4,namecheap,,,
69a1d435-104c-4979-a8b9-91164e0a7c58,burt.taxi,available,8.98,69.98,high,low,4,namecheap,,,25/09/2026 03:54
3bad9f80-6127-4314-812b-3a409067d818,lachrymal.taxi,available,8.98,69.98,medium,low,9,namecheap,,,22/08/2026 17:59
671aa941-9f49-47e9-a7df-214d7855cc9a,exposed.taxi,available,8.98,69.98,high,low,7,namecheap,,,17/08/2026 18:37
3f795b32-f8e8-4fad-ad2c-90bc0c60457b,blackbeard.taxi,available,10.99,62.99,medium,low,10,namesilo,,,24/09/2026 02:06
219281f3-9d7f-413c-9a7f-6d2f354eb4ff,rente.taxi,available,8.98,69.98,medium,low,5,namecheap,,,19/09/2026 10:58
f8556aae-84c0-483e-8ebc-028f9bdfd4d7,slugs.taxi,available,10.99,62.99,medium,low,5,namesilo,,,20/09/2026 08:54
2b27a138-f0de-4461-a581-3b21eb4e36db,threadfish.taxi,available,10.99,62.99,medium,low,10,namesilo,,,18/09/2026 04:49
05da5344-baff-4a42-9a2e-e9e55b90d0f7,checking.taxi,available,10.99,62.99,high,low,8,namesilo,,,25/09/2026 12:11
b3861903-f116-40ce-9301-dcff878f356b,applicant.taxi,available,10.99,62.99,high,low,9,namesilo,,,19/09/2026 21:53
754c3ec8-e7f4-4fba-a789-b325976e8044,transpolar.taxi,available,8.98,69.98,medium,low,10,namecheap,,,11/09/2026 18:57
a9442eb1-1770-48be-9833-9edaad54bf1a,mornings.taxi,available,10.99,62.99,high,low,8,namesilo,,,20/09/2026 04:12
c47d10f7-8784-41e1-97a7-e2e0e7acf13c,darwinian.taxi,available,10.99,84.99,medium,low,9,name.com,,,13/08/2026 18:25
9b7a0fed-4fe7-4eda-9d5d-0941693a3732,larson.taxi,available,10.99,62.99,medium,low,6,namesilo,,,27/09/2026 01:48
4ddf4e1b-8096-4dc9-9cab-0e1603d21fb4,litter.taxi,available,10.99,62.99,high,low,6,namesilo,,,22/09/2026 23:14
2415ddf6-e611-431e-b63f-3088c932eb59,forbes.taxi,available,10.99,62.99,high,low,6,namesilo,,,25/09/2026 14:28
791f1da0-eca4-441e-adac-5c7612de5b1d,eating.taxi,available,8.98,69.98,high,low,6,namecheap,,,08/09/2026 13:35
a3a7a866-a876-4b40-a68f-bba3f1209d36,razor.taxi,available,10.99,,high,low,5,name.com,,,
4754dd7e-c2ad-42a4-bf1c-5c4b1a2277d2,uncharted.taxi,available,8.98,69.98,high,low,9,namecheap,,,12/08/2026 02:53
c16ffb12-98b4-443b-a9ac-8736ad1bb9b9,affirmable.taxi,available,8.98,69.98,medium,low,10,namecheap,,,
76ab016b-537d-46b9-a0f1-6c57a55a6dcb,resistance.taxi,available,8.98,69.98,high,low,10,namecheap,,,12/09/2026 07:26
98d325ed-455f-46a7-873f-b6f015a1b7d9,proofed.taxi,available,8.98,69.98,medium,low,7,namecheap,,,09/09/2026 03:24
8427a3dd-3aa9-4690-83fd-a2fbd6836d3a,unweaned.taxi,available,8.98,69.98,low,low,8,namecheap,,,12/09/2026 22:29
158bf3c2-c05a-4ff8-b388-1741b08bf0d0,beans.taxi,available,10.99,,high,low,5,name.com,,,
d5770beb-fb45-433a-8e73-3afafaaf65b6,molding.taxi,available,10.99,62.99,high,low,7,namesilo,,,24/09/2026 15:24
a80f196b-cff8-4689-8f7a-df9d6119b650,attica.taxi,available,10.99,62.99,medium,low,6,namesilo,,,21/09/2026 01:42
194a91fb-8c6e-4f32-8530-e26be68c2356,loneliness.taxi,available,10.99,62.99,high,low,10,namesilo,,,18/09/2026 13:13
9b151f20-690b-4a33-a95b-836426951a80,know.taxi,available,10.99,,high,low,4,name.com,,,
6f4c1714-f22d-4665-9634-46098aeb912c,crafts.taxi,available,8.98,69.98,high,low,6,namecheap,,,19/09/2026 02:50
80916a24-28de-4844-b8ca-4c4f1d10d832,chimerical.taxi,available,8.98,69.98,medium,low,10,namecheap,,,12/08/2026 05:38
50180a04-fa8c-4edd-9aa2-b2c43be24b80,margaret.taxi,available,10.99,84.99,high,low,8,name.com,,,25/09/2026 18:23
88ab8286-4d13-401b-9dd0-970cf90b92b4,wakening.taxi,available,10.99,,high,low,8,name.com,,,
8258a86a-e151-43f3-87ae-652bda0f4ad0,mellow.taxi,available,8.98,69.98,high,low,6,namecheap,,,22/08/2026 18:52
9152ae35-72db-486f-ad65-c97441a9a85d,rescue.taxi,available,10.99,,high,low,6,name.com,,,
c3302090-581b-4739-9da1-6d35c003a37d,nazi.taxi,available,8.98,69.98,high,low,4,namecheap,,,03/09/2026 13:40
37eb7fee-72fd-4ec6-8d22-784fb7c2184c,tending.taxi,available,8.98,69.98,high,low,7,namecheap,,,11/09/2026 11:15
35a40709-4748-4793-8ce1-0456beb0c946,commutable.taxi,available,8.98,69.98,high,low,10,namecheap,,,12/08/2026 19:17
331c4332-aedb-46c3-95be-2401c4a5a0a7,explain.taxi,available,10.99,,high,low,7,name.com,,,
1e1c0fbc-c00d-441f-9a7b-c5202bb4929e,lugubrious.taxi,available,8.98,69.98,medium,low,10,namecheap,,,24/08/2026 11:04
5e622b17-b27a-48c0-8514-356816b26758,xcvi.taxi,available,8.98,69.98,medium,low,4,namecheap,,,
737e7a6f-3f34-4bcd-828f-1f5d585b8c28,adorned.taxi,available,8.98,69.98,high,low,7,namecheap,,,
a730fb93-df60-480a-aad8-e7ac97fcb1fc,nursed.taxi,available,8.98,69.98,medium,low,6,namecheap,,,03/09/2026 23:03
e81a90fe-835d-49d5-af3e-ff9c047a9050,yall.taxi,available,10.99,,medium,low,4,name.com,,,
acabd753-ef5a-412c-99d8-a8d74b63a410,campus.taxi,available,10.99,,high,low,6,name.com,,,
da8a519a-ee9d-40ba-996c-c937e4eeb6d2,birth.taxi,available,10.99,,high,low,5,name.com,,,
e59a4a4c-af4f-4e23-98a8-734d25733958,coddle.taxi,available,10.99,62.99,high,low,6,namesilo,,,21/09/2026 13:03
d0d758b3-74b9-42ff-96b8-c186d9e46ee2,tangle.taxi,available,10.99,62.99,high,low,6,namesilo,,,25/09/2026 17:42
5e8a71e1-5aff-48b7-93e3-4b7e83785215,vesture.taxi,available,8.98,69.98,medium,low,7,namecheap,,,13/09/2026 09:02
2b9fc8d2-11d3-4b61-b9e1-78f5657ad581,squawky.taxi,available,8.98,69.98,low,low,7,namecheap,,,11/08/2026 12:26
fef99401-5761-42c5-93f9-ebe7c22aeb31,rustling.taxi,available,8.98,69.98,high,low,8,namecheap,,,03/09/2026 11:20
2f02ff7f-fffd-4fcf-94fa-3a39d22cc234,triangle.taxi,available,10.99,,high,low,8,name.com,,,
7993a3e8-b9ad-4bec-8a59-6de8fc1ce3f9,intention.taxi,available,8.98,69.98,high,low,9,namecheap,,,22/08/2026 07:55
3ec97f33-8206-441f-8dbb-5ef815e00079,astrometry.taxi,available,8.98,69.98,medium,low,10,namecheap,,,20/09/2026 17:53
8fe488ef-d292-496a-958c-53627709e987,unassured.taxi,available,8.98,69.98,medium,low,9,namecheap,,,12/09/2026 01:14
131a84d3-9f5b-4b3a-8b73-1275c540b3b1,snowdrop.taxi,available,8.98,69.98,high,low,8,namecheap,,,19/09/2026 05:27
0667202b-9182-45d6-a67e-e8bbae65bb1e,pinch.taxi,available,10.99,,high,low,5,name.com,,,
a5381ddb-a3c7-4f99-a3bc-0f97288e4e0f,candour.taxi,available,10.99,84.99,high,low,7,name.com,,,24/09/2026 12:03
604d09c7-023b-4f0e-9dd8-a691b69ba835,bakshis.taxi,available,10.99,62.99,medium,low,7,namesilo,,,21/09/2026 15:54
13d28a8f-9c10-4e5b-884c-df8117aa23e0,bleak.taxi,available,8.98,69.98,medium,low,5,namecheap,,,08/08/2026 21:02
1c2ceb76-d9cf-45aa-afb8-6bc385384078,deputy.taxi,available,10.99,,high,low,6,name.com,,,
e1e41562-9d9c-42d4-adb9-236d56f35043,cloth.taxi,available,10.99,,high,low,5,name.com,,,
36c5c90d-155f-45dd-b036-2081f26ef1b6,controversial.taxi,available,10.99,,medium,low,13,name.com,,,
1fdf9399-340a-4aa1-b4a2-431b212c63e4,squeak.taxi,available,8.98,69.98,high,low,6,namecheap,,,24/09/2026 15:54
bfa92a09-0ef0-42b4-a7ca-eeaecdb53a70,quartet.taxi,available,8.98,69.98,high,low,7,namecheap,,,
6a985496-37fd-424d-965b-9548cb208059,pbs.taxi,available,10.99,62.99,high,low,3,namesilo,,,25/09/2026 09:49
94796b06-3aab-4c2a-81b1-88dff2feb679,dislocated.taxi,available,8.98,69.98,medium,low,10,namecheap,,,14/08/2026 11:31
ea25f0a3-e777-4f14-9ef2-148cf59faa81,analogical.taxi,available,8.98,69.98,medium,low,10,namecheap,,,
20bd2406-d441-4d4c-a61a-bba098b23295,pauline.taxi,available,8.98,69.98,high,low,7,namecheap,,,08/09/2026 10:51
cc7d35f0-952e-4ddc-85b3-4cdeac3243b2,esthesis.taxi,available,10.99,62.99,low,low,8,namesilo,,,17/09/2026 13:28
6928ee69-c0ed-4e53-a96c-6d03979a3b97,foodless.taxi,available,8.98,69.98,medium,low,8,namecheap,,,18/08/2026 10:26
08fd7374-40f3-4d5c-b101-b36ca2b65da9,meridional.taxi,available,8.98,69.98,medium,low,10,namecheap,,,24/08/2026 20:52
2d1918d9-46b3-4253-9e1e-65cef12b7a0e,addiction.taxi,available,10.99,62.99,high,low,9,namesilo,,,17/09/2026 06:53
cf59b4bf-b4ed-4378-b9b5-af9c443fdf79,uub.taxi,available,8.98,69.98,medium,low,3,namecheap,,,20/09/2026 22:14
8a7d277e-8639-48fb-ab86-e0f991438afc,developer.taxi,available,10.99,,high,low,9,name.com,,,
2af9391a-08b7-4ad5-b4fd-fa3da27abde1,live.taxi,resell,,,high,medium,4,"Global Domains International, Inc. DBA DomainCostClub.com",11/02/2026 15:15,11/02/2027 15:15,26/09/2026 07:16
51fb3ccb-36ef-415d-b331-08bbd42dec05,boney.taxi,available,8.98,69.98,medium,low,5,namecheap,,,10/08/2026 18:44
ecbb2ab3-437d-4f80-9e89-f5c31ba03fe1,endemic.taxi,available,8.98,69.98,high,low,7,namecheap,,,07/08/2026 19:26
8deee045-6f01-4f68-9e9c-aac34f5368da,gadolinium.taxi,available,8.98,69.98,medium,low,10,namecheap,,,20/09/2026 23:27
93a3df6d-f975-4eee-aa69-dd3a4472d12a,eatable.taxi,available,8.98,69.98,medium,low,7,namecheap,,,12/08/2026 18:47
056abc0d-f5e7-4ac9-818e-7f58188d0e3f,anthology.taxi,available,10.99,62.99,high,low,9,namesilo,,,19/09/2026 13:28
85813ed1-fea1-43e7-b1cd-074b263c43a5,analyze.taxi,available,10.99,,high,low,7,name.com,,,
560db90a-aecf-42d2-bbee-2c1fa44577c9,basketry.taxi,available,10.99,62.99,medium,low,8,namesilo,,,22/09/2026 11:28
c001d2e3-e562-408f-a92e-e1c192c7545d,paragon.taxi,available,8.98,69.98,high,low,7,namecheap,,,03/09/2026 20:09
16e8e9c1-cd2a-44e4-953f-fd937cb5d2b6,perverted.taxi,available,8.98,69.98,medium,low,9,namecheap,,,14/08/2026 02:36
70b2c2bf-d121-4fdd-a675-17a752a3129e,gerry.taxi,available,10.99,62.99,medium,low,5,namesilo,,,25/09/2026 15:41
8d22a4f0-76d3-40d8-8da0-bed3ed4cfc8c,agitated.taxi,available,8.98,69.98,high,low,8,namecheap,,,
930695cb-14f9-4c40-85b9-f061d53db9cf,daringly.taxi,available,8.98,69.98,medium,low,8,namecheap,,,14/09/2026 10:37
f606dfd7-6472-4a7c-aef0-ff1247afa99f,funds.taxi,available,10.99,,high,low,5,name.com,,,
118329bf-7c9d-4d4f-b635-aef41c67d0b0,barrow.taxi,available,8.98,69.98,medium,low,6,namecheap,,,22/09/2026 08:41
74998f06-70dc-4259-99bd-541551427a1d,undreamed.taxi,available,8.98,69.98,medium,low,9,namecheap,,,12/09/2026 08:22
26f31a42-9e04-4880-bb19-23477ff9a1a8,indistinct.taxi,available,8.98,69.98,high,low,10,namecheap,,,22/08/2026 03:14
d50eaa6a-0770-402b-8b87-420a91d5e61f,emergency.taxi,available,10.99,,high,low,9,name.com,,,
28443d4e-b434-4352-a118-cf80ed6d78c0,hesperian.taxi,available,8.98,69.98,medium,low,9,namecheap,,,21/08/2026 07:27
f79385c5-fdf2-4f46-a33a-b83bd90ba9ea,adh.taxi,available,10.99,62.99,high,low,3,namesilo,,,17/09/2026 07:56
7f6ac140-0f60-44ec-9f13-ee7a739b924e,alinement.taxi,available,10.99,62.99,high,low,9,namesilo,,,18/09/2026 07:48
e5717e77-6f8c-43c8-93fa-e20172efb476,tamanoir.taxi,available,10.99,62.99,medium,low,8,namesilo,,,19/09/2026 12:16
2f3e52d9-6124-4c8c-9117-f60bc567a18d,baptisia.taxi,available,8.98,69.98,medium,low,8,namecheap,,,22/09/2026 03:24
6f2d2ebc-9da7-4451-bf20-4bb5cf52c782,stringent.taxi,available,8.98,69.98,medium,low,9,namecheap,,,10/09/2026 22:40
d7db59a2-b405-4923-aec5-1d7da987edb2,bended.taxi,available,8.98,69.98,low,low,6,namecheap,,,09/08/2026 14:15
70dec9e8-de6b-4ff7-b94e-470f29340482,pouf.taxi,available,8.98,69.98,medium,low,4,namecheap,,,09/09/2026 08:13
eb2b5f37-918f-4ef8-9b82-d341fdd3fbc1,loathing.taxi,available,10.99,62.99,medium,low,8,namesilo,,,16/09/2026 15:27
ab9d2b02-5ed5-4587-9f0e-fcbed63f5f0c,untaped.taxi,available,8.98,69.98,low,low,7,namecheap,,,12/09/2026 10:16
f1de834c-f4ad-4804-99e1-e652c257b576,brake.taxi,available,10.99,62.99,medium,low,5,namesilo,,,24/09/2026 08:06
0042ec66-28b9-4a7a-be2b-5eca52c820c4,orientated.taxi,available,8.98,69.98,high,low,10,namecheap,,,04/09/2026 17:54
0e9a4e97-f08e-47bf-8cb3-95ad0ac125b6,cannibal.taxi,available,10.99,62.99,medium,low,8,namesilo,,,19/09/2026 13:56
f445ebed-2971-492a-87fa-abf42552455b,bankhead.taxi,available,8.98,69.98,medium,low,8,namecheap,,,22/09/2026 02:47
9995b660-b857-4ab0-b887-7423c3a70dba,digest.taxi,available,10.99,62.99,high,low,6,namesilo,,,24/09/2026 10:44
9e982184-5dc6-4ca7-a068-ad5cfbe5c880,sesame.taxi,available,10.99,62.99,high,low,6,namesilo,,,23/09/2026 08:27
1b7ad673-373e-4f5a-b6a5-1ae2c1573441,consultant.taxi,available,10.99,,high,low,10,name.com,,,
27490606-4dd5-431b-8ac4-91fbb08449ea,plumy.taxi,available,8.98,69.98,medium,low,5,namecheap,,,18/08/2026 00:25
80ba8fe6-f6ef-4b0d-bbca-1162f1ba1ee7,repeatable.taxi,available,8.98,69.98,medium,low,10,namecheap,,,09/09/2026 09:08
b85a49e8-66af-43da-bb93-b8065de3de3f,plop.taxi,available,8.98,69.98,medium,low,4,namecheap,,,15/09/2026 20:39
8dfbd11a-9a16-4735-b1bc-c29b2d2151f3,five.taxi,available,8.98,69.98,high,low,4,namecheap,,,
fdce4884-133b-48f2-8747-f2ae76e2b0e7,tendered.taxi,available,10.99,62.99,medium,low,8,namesilo,,,20/09/2026 16:36
2b713115-db3f-4fde-a43b-0b02b1cc9566,yearly.taxi,available,10.99,,high,low,6,name.com,,,
1381c20d-e7b4-4847-9bfc-cc6ec0ed71b2,attempts.taxi,available,10.99,62.99,medium,low,8,namesilo,,,18/09/2026 16:41
417da629-121e-4421-a6a0-a5d0b3f4c054,pavlova.taxi,available,10.99,62.99,medium,low,7,namesilo,,,19/09/2026 10:01
ae61220e-4432-44c3-b397-8518cd352762,mile.taxi,available,10.99,,high,low,4,name.com,,,
7296e964-cbc9-440b-8fdd-9eb96fc97dc3,hereby.taxi,available,8.98,69.98,medium,low,6,namecheap,,,15/09/2026 00:25
b0b7e526-fb24-4d8c-b670-3bc300b14fba,tide.taxi,available,10.99,,high,low,4,name.com,,,
355f6aa6-393b-46d3-a8d3-9bfc57fce9be,winy.taxi,available,8.98,69.98,medium,low,4,namecheap,,,13/09/2026 12:25
55d9c6ff-afc7-4386-9e4e-922629e97e5f,arhat.taxi,available,10.99,62.99,medium,low,5,namesilo,,,20/09/2026 05:05
ec85f870-f95b-4deb-87bd-ed3ba8ad1430,teaspoons.taxi,available,10.99,62.99,medium,low,9,namesilo,,,19/09/2026 22:48
4a7d6871-0721-49bc-a872-6badbd56a252,stone.taxi,available,10.99,62.99,high,low,5,namesilo,,,19/09/2026 11:54
6879bd59-c226-401d-b684-bf1b0e3754cc,unmoved.taxi,available,8.98,69.98,high,low,7,namecheap,,,21/08/2026 23:45
7acf005f-416f-4c54-9ca1-9d3bd7a908d1,lithuania.taxi,available,,,high,high,9,,,,
1181d3b5-1824-4e1b-98b6-6b58350fe3ec,hermit.taxi,available,8.98,69.98,high,low,6,namecheap,,,09/09/2026 11:42
99199234-be85-41f6-a783-b6a3913520c0,production.taxi,available,8.98,69.98,high,low,10,namecheap,,,19/09/2026 18:56
7d80b0c0-2d93-4702-bc29-7044879a820d,brooke.taxi,available,10.99,62.99,high,low,6,namesilo,,,25/09/2026 02:29
d1ba0923-90fd-44b6-b94b-d19f4dacfff0,relaxant.taxi,available,8.98,69.98,high,low,8,namecheap,,,09/09/2026 13:22
624320a0-8c9a-4fad-9570-9d89de3cbc78,shaking.taxi,available,10.99,,high,low,7,name.com,,,
58ba3fdb-82b5-4cf5-8416-b7c34a83dd1b,frunze.taxi,available,10.99,62.99,medium,low,6,namesilo,,,23/09/2026 21:44
240751f6-8e9a-4880-9456-304a2597f21c,impairment.taxi,available,10.99,84.99,medium,low,10,name.com,,,13/08/2026 19:25
678f48c0-2bea-4d35-889b-371bf3674e88,cowpea.taxi,available,10.99,62.99,medium,low,6,namesilo,,,23/09/2026 23:43
be4ec005-c109-47f2-a9f8-b81d49a8a5ca,mutinous.taxi,available,8.98,69.98,medium,low,8,namecheap,,,03/09/2026 11:55
9d020ea4-a82d-4a54-b5c3-ff464d4949fb,ductless.taxi,available,8.98,69.98,medium,low,8,namecheap,,,14/08/2026 20:54
73239690-8eb8-416e-acb6-239e48d37dc2,bioassay.taxi,available,10.99,62.99,medium,low,8,namesilo,,,23/09/2026 17:38
0d277ed7-3cd2-4960-b6bb-ccbce1eea0f2,risque.taxi,available,8.98,69.98,medium,low,6,namecheap,,,18/08/2026 20:02
24af78d6-0bca-4fd0-9de6-5643bad550e1,nobleman.taxi,available,8.98,69.98,high,low,8,namecheap,,,03/09/2026 18:00
17c306b2-5c97-4c2c-a480-d08e4b0f38cf,acoustic.taxi,available,8.98,69.98,high,low,8,namecheap,,,
f5f0d007-9c41-4d78-b266-77bcd7453ca8,length.taxi,available,10.99,,high,low,6,name.com,,,
8c846bc9-b943-4399-979f-5a2838ca9045,tunisian.taxi,available,8.98,69.98,high,low,8,namecheap,,,11/09/2026 21:09
4a37fb94-f55e-4122-9a4b-62bd0437cab4,spatially.taxi,available,10.99,62.99,medium,low,9,namesilo,,,16/09/2026 05:56
ab93a162-7492-49db-8c72-8f44de3eccc3,fear.taxi,available,10.99,62.99,high,low,4,namesilo,,,24/09/2026 12:06
9c5aa404-2725-42e4-9fb3-52a56c8e2c2b,gad.taxi,available,10.99,62.99,high,low,3,namesilo,,,19/09/2026 15:59
4311bad4-0438-48ea-9722-501ea6dc471f,buckeye.taxi,available,10.99,62.99,high,low,7,namesilo,,,17/09/2026 13:22
8b06fb4a-25f1-462d-b641-f9d6d48a1bf9,triple.taxi,available,10.99,,high,low,6,name.com,,,
b773589a-896d-4070-9a2c-9baa89f45386,panic.taxi,available,10.99,,high,low,5,name.com,,,
7e885037-12f4-40b1-ac3b-33910d37dc48,operators.taxi,available,10.99,62.99,medium,low,9,namesilo,,,24/09/2026 03:39
5e4a16cc-d264-4764-b305-451bf81030e0,populous.taxi,available,8.98,69.98,high,low,8,namecheap,,,08/09/2026 23:57
708f0099-3def-4a00-906c-b9571228c246,chinch.taxi,available,10.99,62.99,medium,low,6,namesilo,,,22/09/2026 22:46
a9b31796-840a-419f-afa6-35d3e3c327f8,exportable.taxi,available,8.98,69.98,high,low,10,namecheap,,,17/08/2026 18:35
47c92ec5-f8f0-40a9-8e7a-7f5046f7ec8d,gaza.taxi,available,10.99,62.99,high,low,4,namesilo,,,25/09/2026 06:23
6df18c6b-2153-4f48-a929-de33bdd611b3,bunny.taxi,available,10.99,,high,low,5,name.com,,,
f159e6f0-4f77-41b5-821d-cfdb4b13d7c9,eminently.taxi,available,8.98,69.98,medium,low,9,namecheap,,,14/09/2026 15:19
81f9e51c-47f4-4e00-ae48-0469d94696db,wolfsbane.taxi,available,10.99,62.99,medium,low,9,namesilo,,,17/09/2026 02:06
732f490d-b1cb-49ef-92e9-4b846c0c19da,wilcox.taxi,available,10.99,62.99,medium,low,6,namesilo,,,27/09/2026 01:45
a54a0aad-3daa-4078-af46-901b9371d600,woodenly.taxi,available,8.98,69.98,low,low,8,namecheap,,,14/09/2026 21:56
6badee88-8619-4607-9f5a-21422ae26149,standon.taxi,available,10.99,,medium,low,8,name.com,,,
67119e40-ec3d-4ba3-876b-78b8df36c2a7,lamppost.taxi,available,10.99,,high,low,8,name.com,,,
ade0b1a0-b747-48d4-b63f-ad4c01c9d468,moneron.taxi,available,8.98,69.98,medium,low,7,namecheap,,,25/08/2026 04:30
eea02eed-ae46-45fe-bcef-d2741384e733,ant.taxi,available,,,high,medium,3,,,,
ddb7e670-4efa-437a-8af5-cbfa5085fae9,seasonable.taxi,available,8.98,69.98,high,low,10,namecheap,,,10/09/2026 00:56
fa2969dc-9394-47b0-8df2-b46b8f786289,rashes.taxi,available,8.98,69.98,low,low,6,namecheap,,,19/09/2026 21:50
ad00d5db-9e88-486f-8cef-d6b7d55f765b,ohmygosh.taxi,available,10.99,,high,low,8,name.com,,,
f6345025-6a83-4228-950f-92d1800efe49,insensible.taxi,available,8.98,69.98,medium,low,10,namecheap,,,22/08/2026 06:47
7b8cb24e-e9b4-42c9-b28f-28df4fee2713,nafud.taxi,available,10.99,62.99,medium,low,5,namesilo,,,19/09/2026 00:44
feccfabb-63c1-4674-8acb-ece754e62ade,styling.taxi,available,8.98,69.98,high,low,7,namecheap,,,17/09/2026 18:14
b72c057e-c29e-448a-bdd4-76a79fe96f45,accretion.taxi,available,8.98,69.98,high,low,9,namecheap,,,16/09/2026 23:14
b5e25d1b-29c7-46f1-9a42-aefa9465c7ae,bolshevik.taxi,available,8.98,69.98,high,low,9,namecheap,,,10/08/2026 17:50
25e630e4-eb2f-463e-94f4-f5aacfe3be37,nemesis.taxi,available,8.98,69.98,high,low,7,namecheap,,,22/09/2026 01:42
2e796c24-d365-4d07-890d-db7bf407f5be,envisioned.taxi,available,10.99,62.99,high,low,10,namesilo,,,24/09/2026 14:18
f6c37aee-4924-45af-aea6-d38ca1842c38,balalaika.taxi,available,10.99,62.99,medium,low,9,namesilo,,,21/09/2026 20:48
06e75a7a-96dc-469a-94c7-61e9bc4d23e1,flightless.taxi,available,8.98,69.98,medium,low,10,namecheap,,,18/08/2026 08:09
d0a15d83-eb88-45c2-a320-5bdbe35e88bc,anticancer.taxi,available,8.98,69.98,high,low,10,namecheap,,,22/09/2026 06:38
0431f59d-00d7-4a13-b891-fd6083b27f8d,greetings.taxi,available,10.99,,high,low,9,name.com,,,
2a23b0e4-1ad9-465a-860e-304b9f336ae3,tutorial.taxi,available,8.98,69.98,high,low,8,namecheap,,,11/09/2026 21:31
f7f702f3-9e8f-47a2-bc87-eb7cdc22380a,windmills.taxi,available,10.99,62.99,medium,low,9,namesilo,,,20/09/2026 13:55
3f6997c7-4a62-4516-8ba7-12a56130e25c,yummy.taxi,available,8.98,69.98,high,low,5,namecheap,,,14/08/2026 00:26
e27b6e76-1a1e-494a-be3e-01dd9f6793dc,cindy.taxi,available,10.99,,high,low,5,name.com,,,
4c556d40-f49b-446b-bead-14c2b039fc0d,mosque.taxi,available,10.99,,high,low,6,name.com,,,
cdb6b3d2-9b12-4d4d-a1a9-53ac1bc6947d,middlemost.taxi,available,8.98,69.98,medium,low,10,namecheap,,,24/08/2026 22:27
33862465-3592-47e8-a28e-acbdc99ea1c6,jordanian.taxi,available,8.98,69.98,high,low,9,namecheap,,,22/08/2026 14:01
83bc9bca-d835-4bb0-8a8d-476d444c1bf4,beamish.taxi,available,8.98,69.98,medium,low,7,namecheap,,,09/08/2026 04:08
56e44a49-90bb-434c-b5a7-f84b6715e916,panoramic.taxi,available,8.98,69.98,high,low,9,namecheap,,,22/09/2026 21:06
74383182-0e14-46e7-9c9a-aa881c2c47aa,ketonemia.taxi,available,8.98,69.98,medium,low,9,namecheap,,,17/09/2026 00:10
da4ecb2c-12c4-4a1b-84b9-13b55202b774,too.taxi,available,10.99,,high,low,3,name.com,,,
76945768-d206-4544-b538-d5833afebbf3,summery.taxi,available,8.98,69.98,high,low,7,namecheap,,,11/09/2026 01:38
622c1357-9a4a-4552-8128-0f56644cf21f,pocketable.taxi,available,8.98,69.98,medium,low,10,namecheap,,,08/09/2026 22:20
58acf65d-2634-441e-9b42-7c0f85e3b0fa,aristocrat.taxi,available,10.99,62.99,high,low,10,namesilo,,,20/09/2026 05:51
73f31479-6886-469d-a256-a9bd64929b3e,apodeme.taxi,available,8.98,69.98,medium,low,7,namecheap,,,19/09/2026 18:17
34dafeaf-3f30-4058-b7a1-59555efb0a94,sestet.taxi,available,8.98,69.98,medium,low,6,namecheap,,,
3b6a18fa-4861-4c58-8931-326c6c62a046,detox.taxi,available,10.99,,high,low,5,name.com,,,
0c59880f-f6e0-49d8-ab88-a345879877b2,monthly.taxi,available,10.99,84.99,high,low,7,name.com,,,25/09/2026 21:36
d121dfb6-8a8e-4995-95db-d6267147d645,adenauer.taxi,available,10.99,62.99,medium,low,8,namesilo,,,17/09/2026 07:24
0394f30a-4d2b-47bc-87c6-48d773389248,lvi.taxi,available,8.98,69.98,high,low,3,namecheap,,,
8cef9fb5-999b-4358-9047-0092ca545792,startled.taxi,available,8.98,69.98,medium,low,8,namecheap,,,10/09/2026 19:00
3eddb373-8d48-41d4-b135-672216e6896a,copper.taxi,available,10.99,62.99,high,low,6,namesilo,,,20/09/2026 22:44
0b25ec95-0d2a-4ffb-8ebb-89dc731e7b78,fretted.taxi,available,8.98,69.98,medium,low,7,namecheap,,,18/08/2026 15:24
a5fa552e-c02d-4945-8576-c1ad8a346bb0,salon.taxi,available,8.98,69.98,high,low,5,namecheap,,,22/09/2026 22:23
6cf6fc9a-b357-4f0d-9a0b-7969ca9a46f6,atrocious.taxi,available,10.99,62.99,medium,low,9,namesilo,,,22/09/2026 11:11
825de6f4-068d-4ed6-b0a2-b7ce38f5ec2d,playfully.taxi,available,8.98,69.98,high,low,9,namecheap,,,15/09/2026 20:25
b72dd1e2-91ae-4e58-8afc-52cefd6a7841,valueable.taxi,available,10.99,,medium,low,9,name.com,,,
6ddfa313-80a4-4787-8123-8643fd2d1431,etcetera.taxi,available,8.98,69.98,high,low,8,namecheap,,,13/09/2026 19:52
3b66822b-0e49-4eb9-957c-2c06d65e7cea,inherited.taxi,available,8.98,69.98,high,low,9,namecheap,,,18/08/2026 21:33
37b2d537-9a1b-46f3-8d15-e41dc492a3e4,planetal.taxi,available,8.98,69.98,medium,low,8,namecheap,,,08/09/2026 20:42
46ede2b0-c937-4b38-8421-a1c5f7d390ca,wesley.taxi,available,10.99,62.99,high,low,6,namesilo,,,25/09/2026 22:12
0da226c7-c99d-4cde-aa4f-2f5a28a8a019,complexly.taxi,available,8.98,69.98,medium,low,9,namecheap,,,14/09/2026 07:45
dc37519d-f71c-498e-a466-8703bf4b60d8,leaving.taxi,available,10.99,62.99,high,low,7,namesilo,,,24/09/2026 22:37
7b91067b-00a9-4135-b88c-6205e925722c,arcturus.taxi,available,8.98,69.98,medium,low,8,namecheap,,,20/09/2026 03:01
b18e2be3-2b31-4dd4-96ad-107259552eca,deciduous.taxi,available,8.98,69.98,medium,low,9,namecheap,,,13/08/2026 21:26
b0b2e1bd-45ef-47ae-a0c6-cb773c470dad,bihari.taxi,available,10.99,62.99,medium,low,6,namesilo,,,23/09/2026 15:31
ef06b61b-8d36-4e88-a429-6d7ba89e1d42,narrative.taxi,available,8.98,69.98,high,low,9,namecheap,,,03/09/2026 13:16
ab1e9f5c-dbfc-4930-9c98-50e6a67eb228,atropos.taxi,available,10.99,62.99,medium,low,7,namesilo,,,21/09/2026 01:01
3f393670-b1d0-48a1-9f0c-adb3d77809cb,shin.taxi,available,10.99,,high,low,4,name.com,,,
a87b7239-1eaf-46d7-b85d-986d89810119,unify.taxi,available,10.99,62.99,high,medium,5,namesilo,,,22/09/2026 03:16
e3b8e413-5a0d-483c-bc65-b85cb019b508,skag.taxi,available,8.98,69.98,medium,low,4,namecheap,,,23/09/2026 14:39
54d06e0e-f249-45b5-8702-19f608563fe4,beefalo.taxi,available,10.99,62.99,medium,low,7,namesilo,,,23/09/2026 01:04
7126a3fa-afbe-4890-8a47-56fb79f2884d,redress.taxi,available,8.98,69.98,high,low,7,namecheap,,,09/09/2026 17:27
0f7c4500-80aa-4282-b8c9-8f0ff951a444,auntie.taxi,available,10.99,62.99,high,low,6,namesilo,,,21/09/2026 04:11
9d6c2f0e-1b57-4d70-9aaf-2a56f99c02b5,nutrify.taxi,available,10.99,62.99,medium,low,7,namesilo,,,18/09/2026 07:57
11c10ea4-f9dd-445c-822d-f46903056a46,upstart.taxi,available,8.98,69.98,high,low,7,namecheap,,,25/09/2026 23:17
50b3c758-69ad-4d86-8f45-d704d7d1e92f,upgrade.taxi,available,10.99,62.99,high,low,7,namesilo,,,16/09/2026 22:42
ec7b0f97-8f96-4675-8d3f-8d173e1c93e3,sail.taxi,available,10.99,,high,low,4,name.com,,,
987050ca-c410-47c5-a6af-c0f9419e0b68,fenestral.taxi,available,8.98,69.98,medium,low,9,namecheap,,,18/08/2026 01:09
9042e236-132b-493f-9848-9a6ecda6b957,megalithic.taxi,available,8.98,69.98,medium,low,10,namecheap,,,24/08/2026 19:24
bd32dcca-fef1-424c-bcdd-b21a8767ec11,forest.taxi,available,10.99,62.99,high,low,6,namesilo,,,19/09/2026 06:42
72ba4d04-3241-4a07-9982-6f7e563fcede,liz.taxi,available,10.99,62.99,high,low,3,namesilo,,,25/09/2026 14:24
50ce6d44-3412-42e9-b168-475ffe9fc5bb,allis.taxi,available,10.99,84.99,medium,low,5,name.com,,,18/09/2026 11:06
c81a094a-0353-404b-9833-1b5533fb4861,swanky.taxi,available,8.98,69.98,high,low,6,namecheap,,,11/09/2026 05:15
a8dfc01a-2a3d-4ccb-8d7b-385cbfc86a7e,silvervine.taxi,available,10.99,62.99,medium,low,10,namesilo,,,17/09/2026 04:49
6b932a99-7d15-4fac-8e64-2d8ddb7ebca3,novice.taxi,available,8.98,69.98,high,low,6,namecheap,,,23/09/2026 02:23
9d355e9a-ccb0-4d74-b60e-9cb3b3f64024,wars.taxi,available,10.99,62.99,medium,low,4,namesilo,,,18/09/2026 16:04
ca8d3132-610c-4ee9-bc95-c0bf2c929062,yur.taxi,available,10.99,,high,low,3,name.com,,,
33bf7b4a-2bba-4c18-9294-42d916b7cadc,antecedent.taxi,available,8.98,69.98,high,low,10,namecheap,,,
25bb9710-9fa7-4c4d-ad1d-0a2f9acece0c,vans.taxi,available,10.99,62.99,high,low,4,namesilo,,,18/09/2026 22:44
286a0411-21a3-43c5-9edd-1ec980c40b90,owning.taxi,available,10.99,62.99,medium,low,6,namesilo,,,20/09/2026 00:32
fdf40af1-fbf7-4a96-9ff8-66e9d3b6fea0,cnn.taxi,available,10.99,,high,low,3,name.com,,,
31c8d5ec-c571-4133-bf14-893dcf780d3e,muggy.taxi,available,8.98,69.98,medium,low,5,namecheap,,,03/09/2026 10:31
2e6e657f-7c94-41bd-b645-f8c49c1d1816,accessories.taxi,available,10.99,62.99,medium,low,11,namesilo,,,25/09/2026 02:50
3677df92-a383-4afb-95da-c199a28a7bb7,czechoslovak.taxi,available,10.99,62.99,high,low,12,namesilo,,,26/09/2026 03:18
4d27d775-b4e5-465a-8c20-46c6030b1d75,regulation.taxi,available,8.98,69.98,high,low,10,namecheap,,,09/09/2026 13:07
c9e65057-3bea-4278-aa3d-083f5b7ab199,adulterate.taxi,available,8.98,69.98,medium,low,10,namecheap,,,
6f0be4cf-b3d0-4865-834a-dcaf951d2fd2,unimodal.taxi,available,8.98,69.98,medium,low,8,namecheap,,,12/09/2026 13:07
82446634-8f5b-4b34-bfb3-caa01c0c4545,wrote.taxi,available,10.99,,high,low,5,name.com,,,
43728e8b-c128-4c86-82cf-c7620192c12a,permutation.taxi,available,10.99,,high,low,11,name.com,,,
db66298f-35cd-4afd-9710-5dcdbb8b29c1,actinium.taxi,available,8.98,69.98,medium,low,8,namecheap,,,16/09/2026 19:56
7978d6bd-654b-4612-8bc6-8eb3260233ec,update.taxi,available,10.99,,high,low,7,name.com,,,
5a97ecb4-0fb3-45ff-b8f6-5b532edb93c5,laborious.taxi,available,8.98,69.98,medium,low,9,namecheap,,,06/08/2026 17:00
8dcc751a-331e-4ae4-bf4d-2022f32bacc2,ultrasonic.taxi,available,8.98,69.98,high,low,10,namecheap,,,11/09/2026 22:51
c96566e2-b63d-453c-8d4b-cd8347935a88,clove.taxi,available,10.99,62.99,high,low,5,namesilo,,,24/09/2026 16:05
f001a0e7-bfa8-43fe-afb5-59ac7e17a485,difference.taxi,available,10.99,,high,low,10,name.com,,,
759e835a-67c8-4945-bf39-623d39331783,concordant.taxi,available,8.98,69.98,high,low,10,namecheap,,,12/08/2026 20:16
f16ff2a7-561c-4892-b201-0f22c023c3a2,intrepid.taxi,available,10.99,62.99,high,low,8,namesilo,,,22/09/2026 12:24
1ebdad22-6cb6-486d-b496-31f2d5201e2f,fun.taxi,available,10.99,62.99,high,medium,3,namesilo,,,25/09/2026 14:46
de8a13cb-ac12-449c-a20a-a919f0745102,benefice.taxi,available,8.98,69.98,high,low,8,namecheap,,,23/09/2026 07:54
70da694d-56b7-4e1d-b545-410fd6974c8a,pushing.taxi,available,10.99,,high,low,7,name.com,,,
46d0d536-712b-422d-822f-b9f5ece5d152,faintly.taxi,available,8.98,69.98,medium,low,7,namecheap,,,14/09/2026 17:33
9b6c3c9a-3d7f-45da-a516-73fc9209495d,phd.taxi,available,10.99,62.99,high,low,3,namesilo,,,25/09/2026 09:56
ffeb812f-60a7-4ef3-999b-0748c6f7abc7,chessman.taxi,available,10.99,62.99,high,low,8,namesilo,,,24/09/2026 14:20
ae245f34-f5ad-4df6-99de-40521c727540,marketable.taxi,available,8.98,69.98,high,low,10,namecheap,,,24/08/2026 16:04
69fa61f8-117b-49da-8539-c730f5704038,caliginous.taxi,available,8.98,69.98,low,low,10,namecheap,,,11/08/2026 14:25
c34bf33a-1205-479b-9948-9fc78c26f2d9,claxon.taxi,available,10.99,62.99,medium,low,6,namesilo,,,23/09/2026 01:29
2040adfc-d737-4436-9698-d8cc31cad776,climax.taxi,available,10.99,62.99,high,low,6,namesilo,,,24/09/2026 15:38
920d3f6a-d3ce-4e71-8ad2-a04372d14133,birthmark.taxi,available,8.98,69.98,high,low,9,namecheap,,,23/09/2026 21:13
67e3a9be-21be-415c-b8a7-02a518d4f72a,ragamuffin.taxi,available,8.98,69.98,medium,low,10,namecheap,,,11/09/2026 09:09
0c46e7d0-fc5a-4653-a308-98ff9c2fd5a8,acuity.taxi,available,10.99,62.99,high,low,6,namesilo,,,17/09/2026 05:29
e8b6b076-cdd0-4c89-9da4-de1bdf4e5de2,malted.taxi,available,8.98,69.98,high,low,6,namecheap,,,24/08/2026 14:12
7ffb3e14-1525-4073-9506-309fca4f51e3,segregation.taxi,available,10.99,62.99,medium,low,11,namesilo,,,16/09/2026 23:21
79c539d7-0cd7-445c-b125-c472a1045283,cordially.taxi,available,8.98,69.98,high,low,9,namecheap,,,14/09/2026 08:43
d70e5925-0ce2-4729-bd3b-865adca1e458,ritchie.taxi,available,10.99,62.99,high,low,7,namesilo,,,25/09/2026 16:00
6d13374d-fe93-4222-b3bb-84479d3dbde1,nonunion.taxi,available,8.98,69.98,medium,low,8,namecheap,,,03/09/2026 20:58
25ff3f90-b61c-405b-a731-b55ee60cf046,agnate.taxi,available,8.98,69.98,medium,low,6,namecheap,,,
5ffac2c1-d5d8-4424-b1be-a381cd726b8b,foes.taxi,available,10.99,62.99,low,low,4,namesilo,,,18/09/2026 06:38
1d3d3915-7ef8-4702-90ca-0553cee3d749,comfortably.taxi,available,10.99,,high,low,11,name.com,,,
30dd1606-d515-4e77-af0c-5393affa671f,almaty.taxi,available,10.99,62.99,high,low,6,namesilo,,,18/09/2026 12:22
b53ec1e0-69ff-4372-9fd0-e7dfcf6f5655,inspect.taxi,available,10.99,62.99,high,low,7,namesilo,,,21/09/2026 03:08
24c9cc5e-a80d-46f0-9a30-937c8f9e5cf6,blew.taxi,available,10.99,62.99,high,low,4,namesilo,,,25/09/2026 11:11
d8c127ff-3bcf-4c02-97d3-396ff6d66ff2,elated.taxi,available,8.98,69.98,high,low,6,namecheap,,,16/08/2026 00:44
63003dac-4d53-46d8-b3fa-75030ed01db1,did.taxi,available,10.99,,high,low,3,name.com,,,
587930b6-209a-4b77-b940-5c9109f923ef,agonist.taxi,available,8.98,69.98,medium,low,7,namecheap,,,17/09/2026 18:56
ba59d72d-7444-4ac5-99ac-bcf1b2ccb7aa,stout.taxi,available,8.98,69.98,high,low,5,namecheap,,,21/08/2026 00:54
af895f50-5982-4617-9439-5204584a79eb,enraptured.taxi,available,8.98,69.98,high,low,10,namecheap,,,14/08/2026 23:46
8326c4b6-e5a9-45ed-8f3e-925da837e6b9,scads.taxi,available,8.98,69.98,high,low,5,namecheap,,,14/09/2026 23:36
ec1a057f-8908-49e2-8d1f-d0f2388e8bc8,rotund.taxi,available,8.98,69.98,medium,low,6,namecheap,,,13/08/2026 01:59
901f3e6c-3182-4566-b431-a38bb7896f0d,harmonic.taxi,available,8.98,69.98,high,low,8,namecheap,,,12/08/2026 22:46
f6ec5146-7bf6-406d-8935-28d338570528,devonian.taxi,available,10.99,62.99,medium,low,8,namesilo,,,17/09/2026 16:49
eeca96d6-c27e-4cac-900a-6684a556721d,furnishings.taxi,available,8.98,69.98,high,low,11,namecheap,,,16/09/2026 18:36
1d00fc36-749c-47ff-b6b9-b71de8dfe19d,undesigned.taxi,available,8.98,69.98,medium,low,10,namecheap,,,12/09/2026 07:46
b08e40cf-efdc-43ad-9ea2-49ef1cbb15a5,apia.taxi,available,8.98,69.98,medium,low,4,namecheap,,,19/09/2026 17:18
6a89ec61-1ffb-4f15-97f9-1ad4f524c697,wordplay.taxi,available,10.99,,high,low,9,name.com,,,
d7ba9eb1-07a0-49e6-86a7-0503711441dd,waken.taxi,available,8.98,69.98,high,low,5,namecheap,,,08/08/2026 00:08
73f3e211-566c-4903-99b2-78164e14de44,disposed.taxi,available,10.99,,high,low,8,name.com,,,
a920d681-2efd-41ca-8742-4a9c64824952,ssr.taxi,available,10.99,62.99,high,low,3,namesilo,,,25/09/2026 12:03
4656b580-e4a8-4e50-8f0f-c78b9ef76a23,mutter.taxi,available,8.98,69.98,high,low,6,namecheap,,,03/09/2026 11:12
0d92a179-dfc8-4695-b4dd-b83e34bdc04d,carrier.taxi,available,10.99,,high,low,7,name.com,,,
ad3b987e-c513-4cb7-9435-0fa332eb2842,demonstrated.taxi,available,10.99,62.99,high,low,12,namesilo,,,17/09/2026 21:56
dd6d9bf8-a242-426e-a259-6fde1b29225d,fasten.taxi,available,,,high,low,6,,,,
efd37622-d776-4209-a6f5-f553d9621e39,saman.taxi,available,10.99,62.99,high,low,5,namesilo,,,18/09/2026 03:12
72f181a5-3dc4-4b51-981d-e4d16c1eaf93,caloric.taxi,available,8.98,69.98,medium,low,7,namecheap,,,11/08/2026 15:07
79c58a07-ded7-4369-a41c-cf0d8d66783d,cive.taxi,available,10.99,62.99,medium,low,4,namesilo,,,18/09/2026 11:31
28eff4b3-ac5a-4e13-bd65-01f25a891ee2,country.taxi,available,8.98,69.98,high,low,7,namecheap,,,26/09/2026 05:17
afbbc660-72c0-4bd7-8cc7-e94c851cff17,foetid.taxi,available,8.98,69.98,medium,low,6,namecheap,,,18/08/2026 02:26
3fbe303b-8bc1-40d5-a417-db8d960d75bb,adoptive.taxi,available,8.98,69.98,high,low,8,namecheap,,,
01f5d770-f59a-4fef-b310-a1d142785f3c,chem.taxi,available,10.99,62.99,high,low,4,namesilo,,,18/09/2026 00:59
2c84bf71-4763-4dab-a7a8-9c995b9cb8d8,rosacea.taxi,available,10.99,62.99,medium,low,7,namesilo,,,17/09/2026 01:59
e551bdbd-4816-4f19-9939-1cad160f5565,lithium.taxi,available,8.98,69.98,high,low,7,namecheap,,,23/08/2026 00:43
92feff2b-c815-4054-9a74-12f7ccc772b0,blain.taxi,available,10.99,62.99,medium,low,5,namesilo,,,24/09/2026 03:42
efaf155f-d40a-4355-bc29-0f9292ed9458,cathy.taxi,available,10.99,62.99,high,low,5,namesilo,,,17/09/2026 16:36
079abfaf-9453-4f07-96a1-f772809f157b,bow.taxi,available,8.98,69.98,high,low,3,namecheap,,,23/09/2026 01:50
b9595aa2-e703-4c0e-95e9-50e0eec4deb1,motorist.taxi,available,8.98,69.98,high,low,8,namecheap,,,21/09/2026 07:26
350ae1a1-9a29-4cee-bcc6-05be13dd800f,notional.taxi,available,8.98,69.98,high,low,8,namecheap,,,12/08/2026 20:01
7b13e820-418e-4e6a-87ac-5d4c4c93a4b8,boundary.taxi,available,10.99,62.99,high,low,8,namesilo,,,23/09/2026 01:32
e3ee2ad5-5bbb-4cf3-bec7-8fbade7fc2be,rampantly.taxi,available,8.98,69.98,medium,low,9,namecheap,,,13/09/2026 11:58
d7f8d4e4-74b8-40e8-a984-1c39f4dba00c,strange.taxi,available,10.99,,high,low,7,name.com,,,
949003d0-07c7-47cd-ab87-e4dfb8a43357,azoic.taxi,available,8.98,69.98,medium,low,5,namecheap,,,08/08/2026 02:22
fc45e385-6d04-4bf7-a2ef-492825b1e109,does.taxi,available,10.99,,medium,low,4,name.com,,,
e39bd058-0a67-4e32-9623-8468d19813b1,temple.taxi,available,,,high,high,6,,,,
18d50dd3-320e-40b5-ac41-b07010dc4a82,quotidian.taxi,available,8.98,69.98,medium,low,9,namecheap,,,17/08/2026 14:57
67d0f41e-534d-479f-bf73-7a7f4dda8df4,lookouts.taxi,available,8.98,69.98,medium,low,8,namecheap,,,18/09/2026 10:55
93ad39a6-a104-49d6-a98b-173645710bd6,pinched.taxi,available,8.98,69.98,high,low,7,namecheap,,,10/08/2026 18:58
f3320dfc-e147-4386-b62b-680e538e2f95,clown.taxi,available,10.99,62.99,high,low,5,namesilo,,,22/09/2026 06:35
239cf75e-a60b-4d92-a76f-dc9ac85b7ce7,xlv.taxi,available,8.98,69.98,high,low,3,namecheap,,,
f5ae5475-efba-45b1-b6e1-9590e350b999,character.taxi,available,8.98,69.98,high,low,9,namecheap,,,24/09/2026 13:45
0165e681-695d-434e-86b2-60c3c6c57f95,out.taxi,available,10.99,62.99,high,low,3,namesilo,,,25/09/2026 17:35
3055dc49-ee1d-47b0-9ad9-f843a2b234b9,another.taxi,available,10.99,,high,low,7,name.com,,,
844c7a8f-87ac-4d0d-b822-1c85f7998554,abuzz.taxi,available,8.98,69.98,medium,low,5,namecheap,,,
614e27df-55b2-4aa6-b515-c7780cf45989,elysian.taxi,available,8.98,69.98,high,low,7,namecheap,,,16/08/2026 06:18
6535cb10-5166-4f92-8798-b94a0ffbd58b,standardize.taxi,available,10.99,,high,low,11,name.com,,,
ae686f63-2355-44a8-9d3e-3b759239de78,cheque.taxi,available,10.99,62.99,high,low,6,namesilo,,,22/09/2026 02:22
5869174a-8caa-429c-9df2-4307d3eda476,sucker.taxi,available,8.98,69.98,high,low,6,namecheap,,,18/09/2026 08:56
f97447f2-b9e5-4e37-beb9-ffb2c70ba6e3,reassured.taxi,available,8.98,69.98,high,low,9,namecheap,,,09/09/2026 11:12
1ec3ee69-8a52-4d52-80bb-4b73256319ed,deck.taxi,available,10.99,,high,low,4,name.com,,,
4513f0bc-b580-4daf-92c9-e257d539b160,stewardess.taxi,available,10.99,62.99,high,low,10,namesilo,,,17/09/2026 22:26
881a0cdb-abf4-400b-ab2d-7cc7e13707b4,jewelry.taxi,available,10.99,,high,low,7,name.com,,,
4ff18bd3-723c-4e8f-9543-b7ba2cb2f103,descendent.taxi,available,8.98,69.98,medium,low,10,namecheap,,,14/08/2026 03:16
7cd63f87-6bad-461b-953e-421afedd91be,cloudiness.taxi,available,8.98,69.98,medium,low,10,namecheap,,,04/09/2026 20:28
296e02ad-b7f3-4fd8-b04b-10865600e339,oklahoma.taxi,available,10.99,62.99,high,low,8,namesilo,,,26/09/2026 00:08
29bff83b-5530-43db-a373-e3832905601d,detail.taxi,available,10.99,,high,low,6,name.com,,,
94d1be65-c2b4-47d7-a3c0-89c6478130a3,mood.taxi,available,10.99,,high,low,4,name.com,,,
4f761c38-c2d6-46ec-9d61-6ed3a60290c6,ultimately.taxi,available,10.99,,high,low,10,name.com,,,
436cf3f9-35c2-402c-a57e-f242e3a15c99,aspis.taxi,available,8.98,69.98,medium,low,5,namecheap,,,20/09/2026 15:24
99dfb5ef-ee26-4208-b3f6-7c50a7c98ace,heyday.taxi,available,8.98,69.98,high,low,6,namecheap,,,18/08/2026 09:24
cf97beb2-9ccf-4d0d-9690-0096635709c7,avail.taxi,available,10.99,62.99,high,low,5,namesilo,,,21/09/2026 08:37
8d04f517-3e37-4493-9c45-df7d540dc59e,hats.taxi,available,10.99,62.99,high,low,4,namesilo,,,18/09/2026 07:32
6a1ff814-126e-4b3e-be79-366b28eaa8c9,alpenstock.taxi,available,10.99,62.99,medium,low,10,namesilo,,,18/09/2026 13:32
2ab80e0b-4054-4e2e-bfca-2cd8d4deb640,unduly.taxi,available,10.99,62.99,medium,low,6,namesilo,,,16/09/2026 10:01
478807a0-52e5-46e9-86b5-99ec09cfad0d,reunions.taxi,available,10.99,62.99,medium,low,8,namesilo,,,21/09/2026 08:16
b433158a-18df-45cd-bd6a-5448f74b0eae,feelings.taxi,available,10.99,,high,low,8,name.com,,,
cbe38413-ee65-4835-87fd-df1dfa86e6ad,bearwood.taxi,available,10.99,84.99,medium,low,8,name.com,,,22/09/2026 20:58
4f6c79a9-9c7f-41db-b2cc-d297137cb69d,stefan.taxi,available,10.99,62.99,high,low,6,namesilo,,,25/09/2026 14:25
63898197-c972-4f85-a3d2-e239e35392cf,oldline.taxi,available,8.98,69.98,medium,low,7,namecheap,,,04/09/2026 01:51
567bfdca-98d7-4e36-ba3a-42797e301829,uncounted.taxi,available,8.98,69.98,high,low,9,namecheap,,,13/08/2026 03:44
29bdee72-be7c-4b36-9218-2c9125ef3f48,detest.taxi,available,10.99,,medium,low,6,name.com,,,
e4e3688c-8866-4309-a6ca-3f731a3e22c0,quiesce.taxi,available,8.98,69.98,medium,low,7,namecheap,,,09/09/2026 08:52
464e31f5-b3ba-4f45-9ab3-fe53225326b7,keystone.taxi,available,10.99,62.99,high,medium,8,namesilo,,,21/09/2026 15:13
8f938689-2b1b-4f6e-9712-0d480b524d00,whop.taxi,available,10.99,62.99,high,low,4,namesilo,,,22/09/2026 10:29
df30b2f3-397e-4e9e-9f46-6ca296240d3e,tethered.taxi,available,8.98,69.98,medium,low,8,namecheap,,,11/09/2026 12:10
40dff217-d1ef-4d3b-853d-3ae312bcbfe8,feudal.taxi,available,8.98,69.98,medium,low,6,namecheap,,,18/08/2026 02:58
db6ed161-a80d-4e78-9a27-37c94a18788c,arbalest.taxi,available,10.99,62.99,medium,low,8,namesilo,,,20/09/2026 00:33
6372d887-4eb2-40ed-bfb2-68266787a775,hopes.taxi,available,8.98,69.98,high,low,5,namecheap,,,25/09/2026 19:44
493f8b84-ec46-4f07-b9b3-54d1e4c82c9b,unadvised.taxi,available,8.98,69.98,medium,low,9,namecheap,,,21/08/2026 18:49
12a5173a-9344-4263-ab3c-553a0ad3d33a,dji.taxi,available,10.99,,high,low,3,name.com,,,
38f2323f-54aa-4be6-b183-ce721951976d,aquinas.taxi,available,10.99,62.99,medium,low,7,namesilo,,,19/09/2026 23:16
80310c69-8c9a-47b7-8b68-b94c28dbf27c,boo.taxi,available,10.99,,high,low,3,name.com,,,
560a4dcd-7cfc-434b-ab04-5fa886bb3874,number.taxi,available,10.99,62.99,high,low,6,namesilo,,,25/09/2026 23:29
2c8f4993-71a1-48fd-98c5-6d98e716b09d,nasal.taxi,available,8.98,69.98,medium,low,5,namecheap,,,03/09/2026 13:33
29740d61-940c-4581-a1b9-c3a855d8beaf,wealthily.taxi,available,10.99,62.99,medium,low,9,namesilo,,,16/09/2026 11:21
70c38693-64f1-42d1-ac31-a41de43fbc14,zoomed.taxi,available,8.98,69.98,medium,low,6,namecheap,,,18/09/2026 03:48
f2d7118a-bccb-4fed-adcb-b4e23ae533e9,dalliance.taxi,available,8.98,69.98,medium,low,9,namecheap,,,11/09/2026 19:38
de3bc8b0-c253-49bd-ba7a-05d63a07330b,mordant.taxi,available,8.98,69.98,medium,low,7,namecheap,,,13/08/2026 02:11
ecd09236-d6b5-446b-98a4-1d03f5bc2edd,tasking.taxi,available,10.99,,high,low,7,name.com,,,
100e47ec-6735-44c5-98e2-3e7cad51631a,oneiric.taxi,available,8.98,69.98,medium,low,7,namecheap,,,04/09/2026 15:12
7b9a2b78-89f8-4827-9477-8ddc6a6bf414,members.taxi,available,10.99,62.99,medium,low,7,namesilo,,,25/09/2026 17:16
bfff3b63-cf85-494d-8ae3-8f65394ecd8b,binocular.taxi,available,8.98,69.98,high,low,9,namecheap,,,10/08/2026 00:15
0aef36cf-7d3e-4c67-9617-820988c04aa1,bushy.taxi,available,8.98,69.98,high,low,5,namecheap,,,11/08/2026 11:15
70ba89e0-abdf-454c-b475-b88033c40ec7,anzio.taxi,available,10.99,62.99,medium,low,5,namesilo,,,19/09/2026 16:01
7cac0e0c-f254-4381-bb06-2932cfc412bc,baulk.taxi,available,8.98,69.98,medium,low,5,namecheap,,,14/08/2026 04:57
123f9aae-01bc-47cb-ae32-6c19bd9fb055,francis.taxi,available,10.99,62.99,high,low,7,namesilo,,,25/09/2026 13:36
bfb4129d-3c7a-4668-8cd7-18be1f30d67e,designed.taxi,available,8.98,69.98,high,low,8,namecheap,,,24/09/2026 06:34
ca7342e5-c1a1-40e7-88dc-dd92344c8b60,ninefold.taxi,available,8.98,69.98,medium,low,8,namecheap,,,03/09/2026 17:31
3968ab91-ab2b-4626-8b87-eeaa191b663f,coppery.taxi,available,8.98,69.98,medium,low,7,namecheap,,,13/08/2026 00:34
f0bdb969-949f-45e0-a80a-37ce3a74547b,gullible.taxi,available,8.98,69.98,medium,low,8,namecheap,,,18/08/2026 07:40
798ee66e-38ce-4103-a4ae-a077df34b986,factually.taxi,available,8.98,69.98,medium,low,9,namecheap,,,14/09/2026 17:27
181a0761-0c5e-41ed-b1c7-d8a72ec9f6e0,exhale.taxi,available,10.99,,high,low,6,name.com,,,
5b7b7b6d-7911-4648-bf0d-8041bf30bbac,suspend.taxi,available,10.99,,high,low,7,name.com,,,
fa19f51c-d57e-4125-b107-651a8077ded6,fadeout.taxi,available,8.98,69.98,medium,low,7,namecheap,,,09/09/2026 11:18
1d8db96e-5b7e-4758-9fab-255187e40dcb,nerve.taxi,available,10.99,84.99,high,low,5,name.com,,,25/09/2026 23:41
b8d1779c-9c0b-4954-855e-557206862898,sufi.taxi,available,8.98,69.98,high,low,4,namecheap,,,11/09/2026 01:14
77e97066-fe13-4ab7-b7bb-16f20ec4d99c,inflected.taxi,available,8.98,69.98,high,low,9,namecheap,,,22/08/2026 04:31
9e58d2b5-20e4-45c2-a659-c061468e222e,analytical.taxi,available,8.98,69.98,high,low,10,namecheap,,,
c36e2433-807b-4e23-98fc-17a1f3ea37fb,valid.taxi,available,10.99,,high,low,5,name.com,,,
a63cf469-8db0-4f59-9aec-c4c1404779b0,bahasa.taxi,available,10.99,62.99,medium,low,6,namesilo,,,21/09/2026 18:41
a082bc0f-25c9-4cc2-bb70-65b091432ac1,asteraceae.taxi,available,10.99,84.99,medium,low,10,name.com,,,20/09/2026 17:03
6edd6688-7bc5-47b4-9054-6282079e649b,annulment.taxi,available,10.99,62.99,medium,low,9,namesilo,,,16/09/2026 17:16
24dafa97-6838-4736-a091-7dc512f029b5,informative.taxi,available,10.99,,high,low,11,name.com,,,
5372ca25-763a-4f15-ad41-17344ee25522,dormy.taxi,available,8.98,69.98,medium,low,5,namecheap,,,14/08/2026 16:22
49d9a85e-7589-41c2-9727-55d8a1707035,propel.taxi,available,8.98,69.98,high,low,6,namecheap,,,09/09/2026 03:16
f1f93491-b470-4df4-9c94-4c7ce9a59048,rebel.taxi,available,8.98,69.98,high,medium,5,namecheap,,,22/08/2026 07:47
99b07a15-e93f-4bfd-99f4-84174eacd6ff,thievery.taxi,available,8.98,69.98,medium,low,8,namecheap,,,11/09/2026 13:20
44523ac1-2d9e-4722-8588-2eef20386dc6,weepy.taxi,available,8.98,69.98,medium,low,5,namecheap,,,13/09/2026 10:06
d96690cd-5fcd-4358-891a-e42f90be972d,grieving.taxi,available,8.98,69.98,medium,low,8,namecheap,,,09/08/2026 15:07
51c2e8f6-b153-4f59-8484-91d49c13d6ca,pokey.taxi,available,8.98,69.98,medium,low,5,namecheap,,,14/08/2026 07:36
779d6227-a9ae-426a-b8aa-8341636c9a59,lucrative.taxi,available,10.99,62.99,high,low,9,namesilo,,,25/09/2026 15:34
6d8bd228-9f84-4ff2-b240-79873184af41,expanded.taxi,available,8.98,69.98,high,low,8,namecheap,,,17/08/2026 17:57
78a3c11e-20c5-4841-9b39-df887406042b,aril.taxi,available,10.99,62.99,medium,low,4,namesilo,,,20/09/2026 05:30
a9b7a240-6cd8-434b-a389-39003889e1bc,billow.taxi,available,10.99,62.99,medium,low,6,namesilo,,,23/09/2026 16:34
aa164817-ffd3-4a38-8ca6-2e6871b082e9,scriabin.taxi,available,10.99,62.99,high,low,8,namesilo,,,18/09/2026 05:07
0ac42c70-db35-4a9b-8a02-da8a24e90628,kidnapping.taxi,available,10.99,62.99,high,low,10,namesilo,,,25/09/2026 08:11
cc95ded1-e3a0-4be6-8bf7-957d7adab1ea,bleriot.taxi,available,10.99,62.99,medium,low,7,namesilo,,,24/09/2026 06:04
4f3e404f-055d-4642-94b4-cf616eccc6b7,americana.taxi,available,8.98,69.98,high,low,9,namecheap,,,18/09/2026 21:03
7cfdda66-dc5c-4b9a-8e36-4d6ef9f15415,carried.taxi,available,10.99,62.99,medium,low,7,namesilo,,,25/09/2026 17:00
c8d3f949-855e-4676-a834-950b25ceb07e,asshole.taxi,available,8.98,69.98,medium,low,7,namecheap,,,08/08/2026 23:24
c8c92049-b2fe-40c6-b8e7-398a103bc2fb,curvaceous.taxi,available,8.98,69.98,high,low,10,namecheap,,,10/08/2026 20:30
0c7b7496-9dc0-41d9-b42d-78a316450088,unsigned.taxi,available,8.98,69.98,high,low,8,namecheap,,,12/09/2026 19:55
bc86f1d7-8966-48a7-8bcf-6feb66fb0056,homo.taxi,available,8.98,69.98,high,low,4,namecheap,,,18/08/2026 20:57
45f2b776-a444-4ef1-958d-8569d416c517,outmost.taxi,available,8.98,69.98,high,low,7,namecheap,,,04/09/2026 19:19
6c3e00b2-ba04-4a0b-90ad-cacba2e785c7,bandstand.taxi,available,8.98,69.98,high,low,9,namecheap,,,22/09/2026 01:32
eab54d75-b103-46dd-a5d2-272ff9e5fdc9,grasp.taxi,available,10.99,62.99,high,low,5,namesilo,,,19/09/2026 22:13
b503eaba-5e43-4af3-baa2-102ad4d522a6,wingstem.taxi,available,10.99,62.99,medium,low,8,namesilo,,,17/09/2026 04:57
e76f110b-98f2-4a3b-9b6f-8899e5963912,blantyre.taxi,available,10.99,62.99,high,low,8,namesilo,,,24/09/2026 04:05
ba4330c0-8ab5-4d5c-91ae-29de79e59837,assyrian.taxi,available,8.98,69.98,high,low,8,namecheap,,,20/09/2026 16:49
95463278-c231-477a-b0d8-a00a7f573d8f,incarnate.taxi,available,8.98,69.98,high,low,9,namecheap,,,16/08/2026 09:36
95a24deb-7563-431d-b5c0-4a3aed68d71c,larger.taxi,available,8.98,69.98,high,low,6,namecheap,,,22/09/2026 20:38
f133c260-8d4c-4239-ba3b-6fd7c44e3172,collected.taxi,available,8.98,69.98,high,low,9,namecheap,,,12/08/2026 17:00
825d6736-5770-416a-92b3-f5f5279d24c2,ardor.taxi,available,8.98,69.98,high,low,5,namecheap,,,20/09/2026 03:15
1cffdd82-d622-43cb-9e87-d004205fcd0e,moot.taxi,available,8.98,69.98,high,low,4,namecheap,,,14/08/2026 00:31
6ae32039-e1f6-46a0-9a0d-62531882c1f5,beeswax.taxi,available,10.99,62.99,high,low,7,namesilo,,,23/09/2026 01:48
6b465619-3378-4631-b5b5-19029157ced0,feeble.taxi,available,10.99,84.99,medium,low,6,name.com,,,13/08/2026 20:30
5eaeb6cf-7215-46ce-9d7e-66a227bac1ac,fortify.taxi,available,8.98,69.98,high,low,7,namecheap,,,20/09/2026 06:18
55be6ace-537e-4a16-b30a-cc3db98256d7,carnation.taxi,available,8.98,69.98,high,low,9,namecheap,,,11/08/2026 19:26
884cecb8-38e4-4e8a-b070-9dea213574a1,hollering.taxi,available,10.99,62.99,high,low,9,namesilo,,,23/09/2026 06:21
fa1a7cda-7714-4bb2-bab1-75b97b5aea84,pop.taxi,available,10.99,62.99,high,medium,3,namesilo,,,24/09/2026 11:55
7191a50e-2819-4e8b-9e15-b9fcdc931380,bureau.taxi,available,8.98,69.98,high,low,6,namecheap,,,17/09/2026 17:00
7980bf0e-dd44-441e-8b60-bb532214ecc9,fooling.taxi,available,8.98,69.98,high,low,7,namecheap,,,18/08/2026 10:35
4cf8f65a-fb3e-4671-b430-4d96c29d5cfe,ardisia.taxi,available,10.99,62.99,medium,low,7,namesilo,,,20/09/2026 03:10
4f4f48e6-665d-4c4a-9b1f-b669d4bea5cb,xanthous.taxi,available,8.98,69.98,medium,low,8,namecheap,,,13/09/2026 14:00
191dc10a-1f81-4d6b-a733-a095f650435c,wolff.taxi,available,10.99,62.99,high,low,5,namesilo,,,25/09/2026 23:22
334ca481-ec39-4497-8af8-6709649d14dd,onymous.taxi,available,8.98,69.98,medium,low,7,namecheap,,,04/09/2026 15:26
bc03890f-4af0-49e5-9249-eed34e953bd1,jaundice.taxi,available,10.99,62.99,medium,low,8,namesilo,,,17/09/2026 03:10
aaf6356c-1c0d-4b41-869d-55de9940284a,wailing.taxi,available,8.98,69.98,medium,low,7,namecheap,,,22/08/2026 19:04
0fe6aa3a-eaa2-4a8f-901c-e25bc5582606,asala.taxi,available,10.99,62.99,medium,low,5,namesilo,,,16/09/2026 12:33
b3f279d3-b8da-435b-a8fa-0ec21037dcf8,septuple.taxi,available,8.98,69.98,medium,low,8,namecheap,,,10/09/2026 04:23
ca51ac5d-0cb1-4d11-86e0-30a67e47d591,lions.taxi,available,10.99,,high,low,5,name.com,,,
09c4648b-f07a-4d25-b41f-48e1cf163c0b,kerensky.taxi,available,8.98,69.98,high,low,8,namecheap,,,18/09/2026 05:02
a72020c6-9ad7-45c1-a97f-3768960a1330,bahai.taxi,available,8.98,69.98,high,low,5,namecheap,,,08/08/2026 08:27
225f662d-6b54-4954-84ef-424fba2dac96,cordiality.taxi,available,10.99,62.99,high,low,10,namesilo,,,18/09/2026 21:58
318be49f-ebc7-421a-852a-ebbd814458b9,choc.taxi,available,10.99,,high,low,4,name.com,,,
d93fcaa3-352c-42cb-b142-4252aedf2fc1,fawning.taxi,available,8.98,69.98,medium,low,7,namecheap,,,10/08/2026 19:43
6fdd27e2-8943-4929-aef0-2c2ded75eb5f,blastema.taxi,available,10.99,62.99,medium,low,8,namesilo,,,24/09/2026 04:21
76a19289-8b00-4a61-b77f-141b80c55134,legitimacy.taxi,available,10.99,62.99,high,low,10,namesilo,,,21/09/2026 05:07
ca0e9636-2d5c-4528-bcf1-6e98de6ea0e3,imperious.taxi,available,8.98,69.98,medium,low,9,namecheap,,,21/08/2026 01:26
20aae580-1ff2-42d8-babb-327f708f51c4,patterned.taxi,available,8.98,69.98,high,low,9,namecheap,,,08/09/2026 10:49
de36a956-48a1-4ab6-9ece-db5f74a1623f,unsworn.taxi,available,8.98,69.98,medium,low,7,namecheap,,,12/09/2026 20:53
48354d05-86e0-442e-8349-579024e10fce,apparatus.taxi,available,8.98,69.98,high,low,9,namecheap,,,19/09/2026 19:49
081e0625-d002-4544-9b0b-8b602a8d2668,oily.taxi,available,8.98,69.98,medium,low,4,namecheap,,,11/08/2026 11:42
dec84813-bf32-4ef1-9e6f-c1d9d3541b35,sedulous.taxi,available,8.98,69.98,medium,low,8,namecheap,,,07/08/2026 06:14
a005024a-565c-446f-be4c-9b0f65e491b7,unshaped.taxi,available,8.98,69.98,medium,low,8,namecheap,,,12/09/2026 19:31
3ac824d7-6f9b-4d32-afcc-4dcd4ca1d214,attend.taxi,available,10.99,,high,low,6,name.com,,,
1093a6b0-8b34-47ab-bdf7-9b48afce739b,valued.taxi,available,10.99,,high,low,6,name.com,,,
afebd547-85c3-41b1-b0d5-5cd92231eafb,automation.taxi,available,10.99,62.99,high,medium,10,namesilo,,,23/09/2026 08:21
73479859-97a3-482a-b6e7-21fde934e27d,guinean.taxi,available,8.98,69.98,high,low,7,namecheap,,,20/08/2026 20:52
cb8f02b3-cffe-4231-aed1-6c8263c6ec49,balata.taxi,available,8.98,69.98,medium,low,6,namecheap,,,21/09/2026 21:12
13e8314f-0980-4264-a530-0d81d97eed7b,notecase.taxi,available,10.99,62.99,medium,low,8,namesilo,,,23/09/2026 16:18
d9089e2b-32b4-4669-a99a-35bc8c043bbd,apneic.taxi,available,8.98,69.98,medium,low,6,namecheap,,,06/08/2026 00:40
9cdb6e55-275b-4535-b673-ce14c05e850b,pubic.taxi,available,8.98,69.98,medium,low,5,namecheap,,,09/09/2026 05:20
180af65b-3470-40f1-8d9f-9a9fbf6b56ad,crybaby.taxi,available,8.98,69.98,high,low,7,namecheap,,,23/09/2026 06:47
a0d89c75-1af7-4103-9b22-ffcf5c9f3700,informer.taxi,available,10.99,62.99,high,low,8,namesilo,,,23/09/2026 11:26
c7c7eab7-1320-4724-b4a7-b02b9139bb98,atrium.taxi,available,10.99,62.99,high,low,6,namesilo,,,21/09/2026 00:47
44c4ee48-8fa1-415b-94a6-16b718265d9d,banquet.taxi,available,10.99,62.99,high,low,7,namesilo,,,22/09/2026 02:59
44caa901-f25c-401e-813e-c15584f10bbf,lethargic.taxi,available,8.98,69.98,medium,low,9,namecheap,,,23/08/2026 00:27
a062a6ce-e3b5-4527-b92d-0f067161e1a2,perfection.taxi,available,10.99,62.99,high,low,10,namesilo,,,22/09/2026 22:03
7e69991e-f8e4-4e05-9e2f-205d9d912eea,companion.taxi,available,10.99,62.99,high,low,9,namesilo,,,24/09/2026 16:40
6d57fa4b-4b78-4ef7-b112-55806d969f0f,pepsi.taxi,available,10.99,,high,low,5,name.com,,,
b4b88877-012c-4c15-8016-34cb706e0d24,clinically.taxi,available,10.99,,medium,low,10,name.com,,,
5e3cd9bb-7e5d-47b8-9bdb-f5d07a7697a8,quiescent.taxi,available,8.98,69.98,medium,low,9,namecheap,,,09/09/2026 08:47
9c8eee79-9f37-4c8e-968c-a97e18b90a53,continued.taxi,available,10.99,62.99,high,low,9,namesilo,,,23/09/2026 22:14
b546ba98-d8ae-4de8-9c73-d327c69ca0f6,ostensibly.taxi,available,8.98,69.98,medium,low,10,namecheap,,,13/09/2026 20:26
91280d2d-c7aa-43f2-986e-b169e7e6a5d7,bitstock.taxi,available,10.99,62.99,medium,low,8,namesilo,,,23/09/2026 22:47
26c0ab24-8721-4a0b-a474-2d6a18998fad,license.taxi,available,8.98,69.98,high,low,7,namecheap,,,25/09/2026 08:58
fcf6ddd4-8b57-4a08-bcd4-56e2d0cbb5ee,cosmologic.taxi,available,8.98,69.98,medium,low,10,namecheap,,,13/08/2026 02:56
6e26e619-2631-46d5-be08-24f0ac4b64db,unsubtle.taxi,available,8.98,69.98,medium,low,8,namecheap,,,12/09/2026 20:46
dd13358c-45bd-4898-9406-37ee0298c773,chilean.taxi,available,8.98,69.98,high,low,7,namecheap,,,12/08/2026 05:15
89e0c556-16d0-459a-ac61-a23df4a37a94,pictorial.taxi,available,8.98,69.98,high,low,9,namecheap,,,23/08/2026 01:46
dbb125f9-ee9b-4ba5-aa19-5dc1505a9110,anuran.taxi,available,8.98,69.98,medium,low,6,namecheap,,,05/08/2026 20:48
9e990f17-0666-4b84-850c-c0eba1eb080d,reversed.taxi,available,10.99,,high,low,8,name.com,,,
e22168ac-be3c-43ee-9eb4-cae9fa660219,agreements.taxi,available,10.99,62.99,medium,low,10,namesilo,,,17/09/2026 03:09
38cb9c43-0bfa-4b24-a9dd-58cf84c834b9,vaulting.taxi,available,8.98,69.98,high,low,8,namecheap,,,04/09/2026 21:34
ac19414d-666a-449a-8bd6-39ff0e538e16,cheat.taxi,available,8.98,69.98,high,low,5,namecheap,,,12/08/2026 03:31
a64d7605-23c9-4333-a83f-61789f959f89,scold.taxi,available,10.99,62.99,high,low,5,namesilo,,,24/09/2026 16:34
74d8d508-2f63-4e3b-956b-2e58aa6ceb31,imperative.taxi,available,8.98,69.98,high,low,10,namecheap,,,08/09/2026 04:44
4d1adb6c-1c20-4189-9c86-a97820178aaa,decedent.taxi,available,8.98,69.98,medium,low,8,namecheap,,,13/08/2026 21:05
45850a27-7999-44e1-8027-12649502a3e7,cleansing.taxi,available,8.98,69.98,high,low,9,namecheap,,,
5695cb5f-f1ef-410c-8f2a-b1c15c7af443,buns.taxi,available,8.98,69.98,medium,low,4,namecheap,,,09/08/2026 10:54
ece5a3de-bc31-4184-a7ed-441bc2d6b80c,committees.taxi,available,10.99,62.99,medium,low,10,namesilo,,,20/09/2026 09:05
288f0730-934d-4cdb-a41b-3370ad23c8ea,shameful.taxi,available,8.98,69.98,medium,low,8,namecheap,,,14/08/2026 10:28
5e263e3a-b5de-4fdd-86cf-c79d9dc1e299,benthal.taxi,available,8.98,69.98,medium,low,7,namecheap,,,09/08/2026 14:47
fe885697-6a2e-4c30-9a1e-3b3caa8797cf,esophageal.taxi,available,8.98,69.98,medium,low,10,namecheap,,,17/08/2026 13:16
473aaaab-66d6-4612-87cf-14362b0227bd,egocentric.taxi,available,8.98,69.98,medium,low,10,namecheap,,,15/08/2026 19:41
567ba0de-ffa1-4bf6-88de-a33e60ca858d,latakia.taxi,available,10.99,62.99,medium,low,7,namesilo,,,18/09/2026 01:28
7575022b-9d4c-424e-b842-9a1fa7da65d7,catenate.taxi,available,8.98,69.98,medium,low,8,namecheap,,,11/08/2026 21:39
06f7f29c-2fd4-4b72-bdf7-c7f8a008b548,staid.taxi,available,8.98,69.98,medium,low,5,namecheap,,,10/09/2026 01:34
0a4c2cf1-6a0a-49da-a627-7e57a39032b1,purchase.taxi,available,10.99,,high,low,8,name.com,,,
00130f78-4e09-4dec-bb88-1c0282c96133,canadas.taxi,available,10.99,,medium,low,7,name.com,,,
1b8149b0-7da6-4cac-9fe6-e4bd7f4b8be8,aleph.taxi,available,8.98,69.98,high,low,5,namecheap,,,18/09/2026 05:19
5f531616-6009-4f18-93de-2d05d9777cb1,supplies.taxi,available,10.99,,medium,low,8,name.com,,,
eafbf728-d03e-40b3-957a-949618ce9d92,tumultuous.taxi,available,8.98,69.98,medium,low,10,namecheap,,,14/08/2026 12:25
bc8f7de8-0819-41b9-9316-dba5e6a3b213,irving.taxi,available,10.99,62.99,medium,low,6,namesilo,,,25/09/2026 07:50
7f3fca09-a45b-4c69-92c9-0799e35cae01,teutonic.taxi,available,8.98,69.98,medium,low,8,namecheap,,,11/09/2026 12:13
289e5b4d-225c-4b0c-a5a3-d6f960fa4d0d,spoon.taxi,available,10.99,,high,low,5,name.com,,,
9bcb1a9c-3730-450c-b5ce-69d4573da992,butterball.taxi,available,8.98,69.98,medium,low,10,namecheap,,,17/08/2026 23:59
f2843154-f5e7-4091-8413-77338663561f,adaptable.taxi,available,10.99,62.99,high,low,9,namesilo,,,21/09/2026 16:52